"jobs_id","key_skills_id"
2448,59167
2448,59369
2448,59377
2448,59489
2448,59493
2448,59438
2448,59266
2448,59165
2448,59358
2448,59424
2448,59265
2386,59327
2386,59171
2386,59259
2386,59489
2386,59470
2386,59354
2386,59438
2386,59279
2386,59165
2386,59177
2386,59172
2386,59265
2386,59163
2386,59234
2595,59285
2595,59489
2595,59438
2595,59353
2595,59264
2597,59446
2597,59489
2597,59315
2597,59438
2597,59353
2593,59489
2593,59438
2593,59226
2593,59353
2593,59437
2593,59264
2593,59163
2593,59234
2590,59446
2590,59438
2590,59353
2590,59473
2590,59264
2393,59171
2393,59285
2393,59259
2393,59292
2393,59369
2393,59130
2393,59489
2393,59291
2393,59438
2393,59415
2393,59421
2393,59177
2393,59320
2393,59381
2393,59265
2396,59167
2396,59202
2396,59424
2385,59369
2385,59489
2385,59315
2385,59438
2385,59165
2385,59128
2385,59234
2602,59353
2602,59342
2602,59304
2602,59171
2602,59269
2602,59264
2602,59489
2602,59226
2602,59285
2602,59130
2602,59517
2602,59414
2602,59438
2602,59234
2584,59350
2584,59489
2584,59266
2584,59177
2584,59424
2584,59505
2588,59167
2588,59216
2588,59489
2588,59366
2588,59438
2588,59437
2588,59525
2588,59474
2588,59165
2588,59323
2588,59265
2588,59234
2376,59167
2376,59369
2376,59377
2376,59489
2376,59493
2376,59438
2376,59266
2376,59165
2376,59358
2376,59424
2376,59265
2377,59167
2377,59369
2377,59377
2377,59489
2377,59493
2377,59438
2377,59266
2377,59165
2377,59358
2377,59424
2377,59265
2378,59167
2378,59369
2378,59377
2378,59489
2378,59493
2378,59438
2378,59266
2378,59165
2378,59358
2378,59424
2378,59265
2381,59167
2381,59369
2381,59377
2381,59489
2381,59493
2381,59438
2381,59266
2381,59165
2381,59358
2381,59424
2381,59265
2553,59489
2553,59267
2553,59353
2553,59415
2553,59438
2553,59299
2553,59165
2553,59381
2553,59265
2553,59163
2591,59446
2591,59438
2591,59353
2334,59167
2334,59489
2334,59266
2334,59424
2061,59446
2061,59167
2061,59489
2061,59517
2061,59438
2061,59525
2061,59381
2061,59264
2596,59285
2596,59489
2596,59438
2596,59353
2596,59415
2596,59264
2596,59234
2598,59350
2598,59315
2598,59353
2598,59165
2598,59458
2598,59361
2598,59505
2598,59446
2598,59394
2598,59489
2598,59407
2598,59438
2598,59335
2605,59318
2605,59489
2605,59438
2605,59264
2605,59163
2608,59446
2608,59167
2608,59489
2608,59353
2608,59438
2608,59525
2608,59186
2608,59265
2608,59264
2609,59446
2609,59285
2609,59335
2609,59167
2609,59372
2609,59504
2609,59489
2609,59458
2609,59315
2609,59178
2609,59438
2609,59264
2609,59459
2613,59315
2613,59353
2613,59165
2613,59163
2613,59242
2613,59505
2613,59264
2613,59446
2613,59489
2613,59267
2613,59525
2613,59205
2613,59438
2613,59473
2613,59424
2247,59315
2247,59289
2247,59354
2247,59353
2247,59165
2247,59172
2247,59265
2247,59163
2247,59227
2247,59447
2247,59250
2247,59361
2247,59291
2247,59264
2247,59505
2247,59182
2247,59452
2247,59446
2247,59394
2247,59499
2247,59292
2247,59489
2247,59267
2247,59187
2247,59407
2247,59406
2247,59186
2247,59285
2247,59284
2247,59438
2247,59523
2247,59424
2600,59171
2600,59446
2600,59186
2600,59285
2600,59489
2600,59315
2600,59291
2600,59353
2600,59438
2600,59266
2600,59320
2600,59242
2600,59265
2600,59264
2600,59163
2616,59285
2616,59167
2616,59489
2616,59354
2616,59438
2616,59353
2616,59264
1681,59315
2582,59167
2612,59446
2612,59285
2612,59167
2612,59489
2612,59354
2612,59247
2612,59156
2612,59421
2612,59266
2612,59424
2612,59321
2546,59327
2546,59315
2546,59247
2546,59165
2546,59172
2546,59265
2546,59171
2546,59231
2546,59216
2546,59415
2546,59279
2546,59217
2546,59489
2546,59338
2546,59474
2546,59285
2546,59259
2546,59438
2546,59320
2555,59415
2555,59226
2585,59167
2585,59216
2585,59371
2585,59156
2585,59165
2585,59424
2585,59265
2585,59163
1937,59489
1937,59438
1937,59525
1937,59424
2587,59171
2587,59231
2587,59378
2587,59167
2587,59318
2587,59377
2587,59338
2587,59407
2587,59415
2587,59177
2587,59217
2332,59446
2332,59489
2332,59315
2332,59354
2332,59438
2332,59266
2332,59424
2332,59505
2569,59369
2569,59489
2569,59315
2569,59438
2569,59165
2569,59128
2569,59234
1595,59446
1595,59350
1595,59497
1595,59290
1595,59489
1595,59192
1595,59262
1595,59438
1595,59226
1595,59424
1595,59172
1595,59505
2520,59167
2520,59489
2520,59424
2520,59505
2488,59167
2488,59489
2488,59447
2488,59438
2488,59266
2488,59264
2527,59167
2527,59227
2527,59489
2527,59289
2527,59525
2527,59424
2527,59264
2535,59372
2535,59446
2535,59320
2535,59489
2535,59353
2535,59438
2535,59525
2535,59474
2535,59177
2535,59264
2535,59505
2144,59171
2144,59315
2144,59230
2144,59415
2144,59165
2144,59234
2140,59446
2140,59285
2140,59167
2140,59441
2140,59322
2140,59362
2140,59489
2140,59130
2140,59517
2140,59414
2140,59438
2140,59230
2140,59266
2140,59173
2140,59424
2140,59163
2543,59159
2543,59171
2543,59259
2543,59130
2543,59489
2543,59438
2543,59260
2543,59468
2543,59253
2543,59286
2543,59265
2543,59163
1584,59167
1584,59369
1584,59353
1584,59264
1584,59321
1584,59446
1584,59394
1584,59409
1584,59378
1584,59489
1584,59407
1584,59436
1584,59266
1584,59509
1584,59140
1584,59326
1584,59438
1584,59381
1584,59459
2547,59171
2547,59489
2547,59392
2547,59265
2547,59163
2547,59234
2618,59446
2618,59167
2618,59192
2618,59353
2618,59226
2618,59438
2618,59299
2618,59177
2618,59304
2618,59264
2618,59128
2531,59167
2532,59167
2579,59327
2579,59171
2579,59215
2579,59409
2579,59167
2579,59396
2579,59489
2579,59414
2579,59392
2579,59299
2579,59156
2579,59149
2579,59403
2579,59424
2579,59217
2579,59265
2579,59506
1676,59489
1676,59178
1676,59392
1676,59262
1676,59353
1676,59226
1676,59415
1676,59438
1676,59242
1676,59128
1676,59163
2580,59362
2580,59489
2580,59414
2580,59438
2580,59505
2580,59163
2604,59285
2604,59489
2604,59354
2604,59438
2604,59353
2604,59264
2592,59446
2592,59489
2592,59226
2592,59353
2592,59438
2592,59186
2594,59354
2544,59415
2544,59517
2544,59265
2544,59264
2548,59167
2548,59315
2548,59353
2548,59165
2548,59265
2548,59163
2548,59279
2548,59242
2548,59489
2548,59392
2548,59474
2548,59438
2548,59320
2599,59446
2599,59489
2599,59438
2599,59415
2599,59353
2599,59381
2599,59264
2127,59322
2127,59318
2127,59130
2127,59414
2127,59299
2127,59415
2127,59474
2127,59260
2127,59163
2620,59167
2620,59470
2620,59424
2620,59443
2620,59135
2341,59167
2341,59315
2341,59266
2341,59525
2341,59424
2341,59264
2617,59167
2601,59446
2601,59167
2601,59505
2601,59489
2601,59315
2601,59438
2601,59299
2601,59353
2601,59473
2601,59424
2601,59304
2601,59264
2601,59128
2603,59452
2603,59221
2603,59489
2603,59415
2603,59353
2603,59438
2603,59265
2603,59163
2549,59167
2549,59315
2549,59353
2549,59165
2549,59265
2549,59163
2549,59279
2549,59242
2549,59489
2549,59392
2549,59474
2549,59438
2549,59320
2606,59372
2606,59446
2606,59167
2606,59377
2606,59489
2606,59366
2606,59353
2606,59438
2606,59165
2606,59242
2606,59264
2610,59489
2610,59315
2610,59438
2610,59266
2610,59264
2611,59372
2607,59285
2607,59489
2607,59354
2607,59438
2607,59353
2607,59264
2550,59167
2550,59315
2550,59354
2550,59353
2550,59165
2550,59172
2550,59265
2550,59163
2550,59171
2550,59377
2550,59415
2550,59279
2550,59230
2550,59149
2550,59260
2550,59217
2550,59164
2550,59489
2550,59225
2550,59130
2550,59438
2550,59234
2313,59167
2313,59369
2313,59489
2313,59403
2313,59505
2614,59167
2615,59446
2615,59318
2615,59489
2615,59517
2615,59415
2615,59438
2615,59353
2615,59242
2615,59264
2619,59154
2619,59353
2619,59438
2619,59407
2619,59264
2619,59186
2619,59163
2619,59509
2475,59446
2475,59219
2475,59489
2475,59354
2475,59438
2475,59230
2475,59407
2475,59266
2475,59424
2478,59446
2478,59265
2478,59424
2478,59489
2478,59366
2478,59525
2478,59474
2478,59222
2478,59165
2478,59320
2478,59291
2478,59128
2478,59163
1631,59353
1631,59165
1631,59128
1631,59163
1631,59279
1631,59188
1631,59242
1631,59330
1631,59264
1631,59452
1631,59262
1631,59439
1631,59509
1631,59517
1631,59414
1631,59438
2483,59167
2483,59489
2483,59289
2483,59266
2483,59177
2483,59424
2483,59128
2485,59238
2485,59489
2485,59266
2485,59424
2485,59264
2486,59238
2486,59377
2486,59489
2486,59266
2486,59265
2496,59489
2496,59354
2496,59424
2496,59264
2496,59128
1667,59446
1667,59318
1667,59489
1667,59517
1667,59415
1667,59438
1667,59353
1667,59242
1667,59264
2498,59489
2498,59266
2498,59424
2499,59171
2499,59266
2499,59424
2340,59238
2340,59489
2340,59424
2340,59265
2340,59264
2533,59424
2542,59167
2542,59315
2542,59266
2542,59424
2505,59369
2505,59493
2505,59165
2505,59265
2505,59128
2505,59163
2505,59377
2505,59279
2505,59506
2505,59264
2505,59409
2505,59489
2505,59414
2505,59424
2505,59381
1558,59285
1558,59489
1558,59438
1558,59353
1558,59415
1558,59264
1558,59234
2507,59266
2507,59186
2509,59231
2509,59489
2509,59525
2509,59381
2509,59264
2511,59159
2511,59468
2511,59315
2511,59489
2511,59326
2511,59438
2511,59525
2511,59361
2511,59286
2511,59505
2511,59163
2512,59525
2512,59505
2512,59264
2512,59424
2514,59171
2514,59216
2514,59318
2514,59377
2514,59489
2514,59315
2514,59414
2514,59438
2514,59165
2514,59424
2514,59265
2514,59128
2514,59234
2515,59394
2515,59378
2515,59438
2515,59407
2515,59246
2515,59353
2515,59421
2515,59403
2515,59462
2515,59381
2515,59457
2522,59167
2522,59315
2522,59266
2522,59424
2524,59424
2524,59227
2400,59394
2400,59344
2400,59414
2400,59438
2400,59407
2400,59437
2400,59408
2400,59265
2551,59167
2551,59489
2551,59315
2551,59392
2551,59353
2551,59279
2551,59438
2551,59474
2551,59165
2551,59320
2551,59242
2551,59265
2551,59163
2175,59230
2175,59216
2487,59227
2487,59489
2487,59354
2487,59266
2487,59424
2489,59238
2489,59215
2489,59409
2489,59489
2489,59403
2489,59424
2489,59265
1765,59167
1765,59499
1765,59489
1765,59279
1765,59266
1765,59264
2490,59424
2490,59264
2490,59377
2497,59315
2497,59267
2497,59289
2501,59266
2501,59264
1583,59315
1583,59353
1583,59128
1583,59221
1583,59477
1583,59453
1583,59264
1583,59446
1583,59452
1583,59489
1583,59285
1583,59329
1583,59438
1583,59323
1766,59265
2372,59167
2372,59369
2372,59315
2372,59265
2372,59128
2372,59377
2372,59489
2372,59266
2372,59438
2372,59424
2552,59327
2552,59171
2552,59216
2552,59489
2552,59438
2552,59342
2552,59265
2552,59128
2554,59130
2554,59392
2554,59279
2554,59165
2554,59163
2528,59167
2528,59315
2528,59517
2528,59266
2528,59165
2528,59424
2528,59265
2329,59167
2329,59489
2329,59315
2329,59438
2329,59353
2329,59263
2329,59403
2329,59186
2329,59128
2249,59372
2249,59265
2249,59292
2249,59489
2249,59315
2249,59438
2249,59266
2249,59525
2249,59165
2249,59424
2249,59291
2249,59163
2423,59372
2423,59265
2423,59292
2423,59489
2423,59315
2423,59438
2423,59266
2423,59525
2423,59165
2423,59424
2423,59291
2423,59163
1763,59366
1763,59438
1763,59437
1763,59525
1763,59165
1763,59424
1763,59265
1763,59505
1763,59234
1856,59446
1856,59505
1856,59489
1856,59438
1856,59266
1856,59424
1856,59135
1856,59264
2025,59372
2025,59265
2025,59292
2025,59489
2025,59315
2025,59438
2025,59266
2025,59525
2025,59165
2025,59424
2025,59291
2025,59163
1769,59167
1769,59441
1769,59489
1769,59443
2157,59329
2157,59130
2157,59315
2157,59438
2157,59299
2157,59474
2157,59260
2157,59468
2157,59253
2157,59304
2157,59477
2157,59163
2420,59266
2420,59264
2420,59424
2085,59327
2085,59167
2085,59216
2085,59377
2085,59320
2085,59438
2085,59229
2085,59468
2085,59336
2085,59163
2085,59234
1699,59259
1699,59489
1699,59295
1699,59266
1699,59424
1699,59265
2556,59167
2556,59489
2556,59130
2556,59517
2556,59438
2556,59415
2556,59229
2556,59462
1740,59215
1740,59409
1740,59167
1740,59318
1740,59489
1740,59230
1740,59265
2578,59327
2578,59171
2578,59216
2578,59489
2578,59438
2578,59342
2578,59265
2578,59128
1700,59202
1700,59424
1701,59344
1701,59266
1701,59525
1701,59424
1701,59264
2417,59424
2338,59489
2338,59438
2338,59525
2338,59424
2330,59285
2330,59167
2330,59489
2330,59354
2330,59438
2330,59353
2330,59264
2311,59167
2311,59267
2311,59265
2257,59171
2257,59362
2257,59489
2257,59202
2257,59438
2257,59266
2257,59424
2257,59128
1774,59377
1774,59315
1774,59489
1774,59262
1774,59438
1774,59525
1774,59165
1774,59424
1774,59265
1774,59505
1774,59163
1871,59315
1871,59470
1871,59447
1871,59266
1871,59424
1871,59505
1750,59238
1750,59216
1750,59409
1750,59167
1750,59489
1750,59230
1750,59266
1750,59424
1750,59265
1642,59285
1642,59489
1642,59354
1642,59438
1642,59353
1642,59437
1642,59165
1642,59242
1642,59234
1793,59231
1793,59167
1793,59489
1793,59315
1793,59267
1793,59438
1793,59266
1793,59177
1793,59424
2348,59167
2348,59369
2348,59377
2348,59489
2348,59493
2348,59438
2348,59266
2348,59165
2348,59358
2348,59424
2348,59265
2229,59165
2229,59183
2229,59265
2229,59163
2229,59216
2229,59377
2229,59415
2229,59279
2229,59149
2229,59462
2229,59378
2229,59489
2229,59392
2229,59366
2229,59437
2229,59156
2229,59421
2229,59318
2229,59130
2229,59438
2229,59381
2229,59234
2451,59414
2451,59438
2451,59299
2451,59474
2451,59165
2451,59320
2451,59234
1560,59354
1560,59353
1560,59165
1560,59128
1560,59163
1560,59279
1560,59242
1560,59264
1560,59489
1560,59262
1560,59474
1560,59438
1561,59452
1561,59285
1561,59489
1561,59262
1561,59438
1561,59323
1561,59453
1561,59128
1561,59264
1719,59227
1719,59289
1719,59525
1755,59315
1755,59289
1755,59354
1755,59353
1755,59165
1755,59172
1755,59265
1755,59163
1755,59227
1755,59447
1755,59250
1755,59361
1755,59291
1755,59264
1755,59505
1755,59182
1755,59452
1755,59446
1755,59394
1755,59499
1755,59292
1755,59489
1755,59267
1755,59187
1755,59407
1755,59406
1755,59186
1755,59285
1755,59284
1755,59438
1755,59523
1755,59424
2253,59167
2253,59489
2253,59267
2253,59517
2253,59342
2253,59266
2253,59424
2366,59353
2130,59217
2130,59234
2270,59489
2270,59414
2270,59438
2270,59407
2270,59266
2270,59473
2270,59424
2270,59505
1762,59167
1762,59369
1762,59489
1762,59403
1762,59424
2399,59315
2399,59525
2319,59489
2319,59315
2319,59438
2319,59415
2319,59165
2319,59424
2319,59505
2319,59234
2316,59489
2316,59414
2316,59438
2316,59407
2316,59266
2316,59473
2316,59424
2316,59505
2149,59171
2149,59231
2149,59329
2149,59167
2149,59378
2149,59292
2149,59489
2149,59392
2149,59438
2149,59299
2149,59415
2149,59474
2149,59403
2149,59304
2149,59320
2149,59217
2149,59291
2149,59477
1928,59315
1928,59470
1928,59266
1928,59424
2342,59489
2342,59414
2342,59438
2342,59407
2342,59266
2342,59473
2342,59424
2342,59505
1785,59159
1785,59171
1785,59327
1785,59216
1785,59438
1785,59415
1785,59437
1785,59407
1785,59468
1785,59265
1785,59128
1785,59163
1721,59167
1721,59227
1721,59414
1721,59424
2280,59171
2280,59231
2280,59329
2280,59167
2280,59378
2280,59292
2280,59489
2280,59392
2280,59438
2280,59299
2280,59415
2280,59474
2280,59403
2280,59304
2280,59320
2280,59217
2280,59291
2280,59477
1771,59446
1771,59350
1771,59505
1771,59362
1771,59489
1771,59202
1771,59438
1771,59525
1771,59424
1771,59264
1725,59167
1725,59227
1725,59414
1725,59424
2258,59499
2258,59438
2258,59165
2258,59473
2258,59234
2271,59289
2271,59407
2271,59226
2271,59438
2271,59361
2271,59264
1572,59372
1572,59446
1572,59489
1572,59438
1572,59264
2370,59167
2370,59342
2370,59424
2370,59128
2371,59446
2371,59167
2371,59489
2371,59438
2371,59266
2371,59424
2371,59186
2371,59264
1691,59489
1691,59266
1691,59264
1736,59424
2126,59171
2126,59167
2126,59130
2126,59438
2126,59415
2126,59156
2126,59421
2126,59164
2126,59353
2126,59468
2126,59253
2126,59163
2090,59167
2090,59489
2090,59315
2090,59392
2090,59353
2090,59279
2090,59438
2090,59474
2090,59165
2090,59320
2090,59242
2090,59265
2090,59163
2375,59266
2375,59470
2375,59447
2333,59489
2333,59167
2333,59177
2437,59227
2437,59499
2437,59489
2437,59447
2437,59438
2437,59266
2437,59525
2437,59424
2437,59264
2421,59446
2421,59362
2421,59489
2421,59438
2421,59266
2421,59424
2421,59505
1658,59167
1658,59315
1658,59468
1658,59253
1658,59265
1658,59163
1658,59171
1658,59377
1658,59357
1658,59260
1658,59505
1658,59446
1658,59378
1658,59409
1658,59489
1658,59392
1658,59229
1658,59225
1658,59525
1658,59159
1658,59438
1658,59299
1658,59234
2408,59266
2408,59264
2295,59285
2295,59489
2295,59438
2295,59353
2295,59264
1577,59372
1577,59167
1577,59353
1577,59287
1577,59418
1577,59183
1577,59128
1577,59171
1577,59149
1577,59361
1577,59505
1577,59264
1577,59446
1577,59378
1577,59489
1577,59392
1577,59421
1577,59525
1577,59285
1577,59284
1577,59326
1577,59438
1577,59299
1577,59424
1577,59381
1892,59489
1892,59438
1892,59415
1892,59525
1892,59177
2008,59315
2429,59202
2429,59424
2174,59366
2174,59438
2174,59437
2174,59525
2174,59165
2174,59265
2174,59505
2174,59234
2294,59446
2294,59489
2294,59226
2294,59353
2294,59438
2294,59186
1604,59264
1604,59353
1594,59446
1594,59159
1594,59505
1594,59477
1594,59315
1594,59467
1594,59267
1594,59517
1594,59470
1594,59438
1594,59263
1594,59424
1594,59128
1594,59408
1594,59265
1594,59264
1594,59163
2299,59452
2299,59221
2299,59489
2299,59415
2299,59353
2299,59438
2299,59265
2299,59163
2346,59362
2346,59489
2346,59414
2346,59438
2346,59415
2346,59505
2346,59163
2301,59167
1799,59315
1799,59266
1799,59264
2028,59489
2028,59414
2028,59438
2028,59407
2028,59266
2028,59473
2028,59424
2028,59505
1629,59443
1629,59470
1629,59135
1629,59424
2210,59171
2210,59167
2210,59216
2210,59318
2210,59489
2210,59414
2210,59165
2210,59265
2210,59234
2431,59167
2431,59369
2431,59377
2431,59489
2431,59315
2431,59438
2431,59266
2431,59424
2431,59265
2431,59128
2432,59238
2432,59369
2432,59489
2432,59315
2432,59165
2432,59424
2474,59394
2474,59350
2474,59505
2474,59378
2474,59489
2474,59447
2474,59438
2474,59407
2474,59266
2474,59229
2474,59424
2474,59264
1710,59446
1710,59362
1710,59489
1710,59438
1710,59266
1710,59424
1710,59505
2433,59315
2433,59266
2433,59505
1648,59372
1648,59446
1648,59167
1648,59377
1648,59489
1648,59366
1648,59353
1648,59438
1648,59165
1648,59242
1648,59264
2434,59238
2434,59489
2434,59424
2434,59265
2434,59264
2207,59171
2207,59216
2207,59369
2207,59489
2207,59178
2207,59392
2207,59414
2207,59438
2207,59230
2207,59474
2207,59165
2207,59320
2207,59179
2207,59234
1619,59446
1619,59187
1619,59353
1619,59438
1619,59186
1619,59264
1622,59372
1622,59247
1622,59353
1622,59418
1622,59163
1622,59361
1622,59330
1622,59264
1622,59446
1622,59489
1622,59338
1622,59207
1622,59407
1622,59439
1622,59509
1622,59284
1622,59438
2557,59446
2557,59167
2557,59216
2557,59377
2557,59489
2557,59392
2557,59438
2557,59474
2557,59424
2557,59265
1792,59350
1792,59505
1792,59362
1792,59489
1792,59470
1792,59447
1792,59266
1792,59177
1792,59424
1792,59264
1630,59446
1630,59167
1630,59489
1630,59353
1630,59438
1630,59525
1630,59186
1630,59265
1630,59264
2312,59446
2312,59441
2312,59489
2312,59354
2312,59438
2312,59266
2312,59442
2558,59322
2558,59318
2558,59130
2558,59414
2558,59299
2558,59415
2558,59474
2558,59260
2558,59163
1654,59167
1654,59489
1654,59370
1654,59353
1654,59415
1654,59438
1654,59149
1654,59430
1627,59446
1627,59447
1627,59353
1627,59438
1627,59279
1627,59165
1627,59473
1627,59264
1627,59163
1639,59446
1639,59167
1639,59489
1639,59315
1639,59414
1639,59353
1639,59438
1639,59421
1639,59381
1639,59265
1639,59264
1647,59446
1647,59489
1647,59202
1647,59438
1647,59353
1647,59266
1647,59264
2099,59446
2099,59259
2099,59216
2099,59167
2099,59315
2099,59517
2099,59414
2099,59353
2099,59223
2099,59415
2099,59230
2099,59403
2099,59242
2099,59265
2099,59264
2099,59381
2318,59171
2318,59167
2318,59318
2318,59489
2318,59299
2318,59304
2318,59165
2318,59265
1564,59446
1564,59489
1564,59315
1564,59438
1564,59353
2321,59130
2321,59247
2321,59415
2321,59163
2418,59353
2418,59242
2418,59505
2418,59264
2418,59446
2418,59489
2418,59525
2418,59205
2418,59438
2418,59473
2418,59424
1673,59154
1673,59353
1673,59438
1673,59407
1673,59264
1673,59186
1673,59163
1673,59509
1679,59446
1679,59505
1679,59489
1679,59353
1679,59438
1679,59299
1679,59525
1679,59474
1679,59177
1679,59320
1679,59408
1679,59264
1679,59179
2559,59167
2559,59489
2559,59130
2559,59517
2559,59438
2559,59415
2559,59229
2559,59462
1797,59238
1797,59369
1797,59489
1797,59396
1797,59178
1797,59266
1797,59424
1797,59265
1693,59446
1693,59489
1693,59438
1693,59415
1693,59421
1693,59424
1693,59264
1557,59242
1557,59489
1557,59315
1557,59438
1557,59353
1557,59477
1557,59186
1557,59264
2560,59322
2560,59318
2560,59130
2560,59414
2560,59299
2560,59415
2560,59474
2560,59163
2481,59315
2481,59266
2481,59264
2093,59167
2093,59315
2093,59354
2093,59353
2093,59165
2093,59172
2093,59265
2093,59163
2093,59171
2093,59377
2093,59415
2093,59279
2093,59230
2093,59149
2093,59260
2093,59217
2093,59164
2093,59489
2093,59225
2093,59130
2093,59438
2093,59234
1559,59452
1559,59285
1559,59489
1559,59438
1559,59323
1559,59264
1559,59453
1559,59128
2561,59159
2561,59318
2561,59489
2561,59130
2561,59396
2561,59494
2561,59392
2561,59438
2561,59415
2561,59230
2561,59260
2561,59468
2561,59163
2344,59327
2344,59167
2344,59369
2344,59315
2344,59493
2344,59247
2344,59353
2344,59342
2344,59165
2344,59304
2344,59128
2344,59163
2344,59265
2344,59171
2344,59216
2344,59477
2344,59446
2344,59378
2344,59489
2344,59338
2344,59370
2344,59421
2344,59525
2344,59403
2344,59177
2344,59285
2344,59329
2344,59318
2344,59438
2344,59299
2344,59424
2344,59381
2344,59232
2347,59315
2347,59165
2347,59265
2347,59163
2347,59171
2347,59216
2347,59219
2347,59377
2347,59415
2347,59279
2347,59230
2347,59505
2347,59489
2347,59285
2347,59396
2347,59130
2347,59414
2347,59218
2347,59438
2347,59424
2024,59216
2024,59219
2024,59362
2024,59489
2024,59377
2024,59130
2024,59315
2024,59265
1978,59489
1978,59438
1978,59433
1978,59266
1978,59424
1978,59265
1770,59167
1770,59267
1770,59165
1770,59264
1770,59163
1574,59315
1574,59162
1574,59171
1574,59216
1574,59279
1574,59291
1574,59489
1574,59226
1574,59263
1574,59470
1574,59438
1574,59424
1580,59446
1580,59452
1580,59489
1580,59315
1580,59438
1580,59226
1580,59353
1580,59525
1580,59186
1580,59264
1581,59167
1581,59369
1581,59353
1581,59264
1581,59321
1581,59446
1581,59394
1581,59409
1581,59378
1581,59489
1581,59407
1581,59436
1581,59266
1581,59509
1581,59140
1581,59326
1581,59438
1581,59381
1581,59459
1735,59315
1735,59230
1735,59266
1735,59423
1735,59165
1735,59424
2357,59167
2357,59216
2357,59489
2357,59366
2357,59438
2357,59437
2357,59525
2357,59474
2357,59165
2357,59323
2357,59265
2357,59234
1845,59285
1845,59489
1845,59438
1845,59353
1845,59279
1845,59172
1845,59128
1600,59353
1600,59299
1600,59438
1601,59446
1601,59285
1601,59315
1601,59202
1601,59438
1601,59226
1601,59353
1601,59165
1601,59186
1601,59128
1601,59163
1973,59159
1973,59468
1973,59315
1973,59489
1973,59326
1973,59438
1973,59525
1973,59361
1973,59286
1973,59505
1973,59163
2044,59227
2044,59499
2044,59489
2044,59447
2044,59438
2044,59266
2044,59525
2044,59424
2044,59264
2248,59238
2248,59326
2248,59438
2248,59353
2248,59246
2248,59424
2248,59324
2248,59128
2092,59446
2092,59167
2092,59216
2092,59377
2092,59489
2092,59392
2092,59438
2092,59474
2092,59424
2563,59171
2563,59167
2563,59315
2563,59489
2563,59414
2563,59353
2563,59438
2563,59149
2563,59165
2563,59163
2563,59264
2563,59234
2564,59329
2564,59167
2564,59377
2564,59489
2564,59438
2564,59165
2564,59477
2564,59265
2564,59163
2226,59167
2226,59369
2226,59315
2226,59165
2226,59265
2226,59128
2226,59163
2226,59304
2226,59171
2226,59377
2226,59230
2226,59279
2226,59149
2226,59378
2226,59489
2226,59392
2226,59437
2226,59403
2226,59177
2226,59492
2226,59318
2226,59396
2226,59438
1852,59167
1816,59231
1816,59167
1816,59227
1816,59219
1816,59489
1816,59392
1816,59437
1816,59266
1816,59424
1816,59217
1816,59257
2211,59171
2211,59167
2211,59216
2211,59489
2211,59315
2211,59353
2211,59438
2211,59437
2211,59263
2211,59165
2211,59217
2211,59265
2211,59234
1842,59372
1842,59167
1842,59320
1842,59315
1842,59403
1842,59424
1842,59265
1842,59264
1838,59372
1838,59171
1838,59167
1838,59377
1838,59489
1838,59438
1838,59177
1838,59264
2169,59247
2169,59468
2169,59253
2169,59183
2169,59304
2169,59265
2169,59163
2169,59322
2169,59415
2169,59260
2169,59338
2169,59474
2169,59130
2169,59438
2169,59299
1591,59489
1591,59354
1591,59505
1597,59285
1597,59489
1597,59438
1597,59415
1597,59353
1597,59234
1741,59266
1741,59202
1741,59424
2116,59315
2116,59489
2116,59165
2116,59304
2116,59128
2165,59216
2165,59489
2165,59315
2165,59437
2165,59165
2165,59234
1598,59171
1598,59489
1598,59267
1598,59354
1598,59392
1598,59438
1598,59226
1598,59265
1598,59264
1605,59446
1605,59167
1605,59505
1605,59489
1605,59315
1605,59438
1605,59299
1605,59353
1605,59473
1605,59424
1605,59304
1605,59264
1605,59128
2565,59216
2565,59377
2565,59489
2565,59517
2565,59438
2565,59403
2565,59423
2565,59324
2565,59265
1869,59221
1869,59315
1869,59489
1869,59202
1869,59438
1869,59266
1869,59525
1869,59424
2050,59350
2050,59167
2050,59441
2050,59409
2050,59489
2050,59267
2050,59354
2050,59230
2050,59266
2050,59525
2050,59177
2050,59424
2050,59265
2050,59505
1779,59350
1779,59362
1779,59489
1779,59447
1779,59438
1779,59264
1779,59234
1606,59446
1606,59167
1606,59489
1606,59267
1606,59438
1606,59266
1606,59177
1606,59264
1706,59489
1706,59354
1706,59438
1706,59407
1706,59266
1706,59473
1706,59408
2436,59489
2436,59167
1610,59446
1610,59489
1610,59438
1610,59415
1610,59353
1610,59381
1610,59264
2109,59315
2109,59165
2109,59265
2109,59163
2109,59171
2109,59216
2109,59219
2109,59377
2109,59415
2109,59279
2109,59230
2109,59505
2109,59489
2109,59285
2109,59396
2109,59130
2109,59414
2109,59218
2109,59438
2109,59424
1613,59446
1613,59167
1613,59392
1613,59438
1613,59407
1613,59437
1613,59229
1613,59403
1616,59264
1616,59353
2065,59265
2065,59489
2065,59130
2065,59447
2065,59354
2065,59438
2065,59299
2065,59320
2065,59304
1915,59167
1915,59165
1915,59265
1915,59163
1915,59447
1915,59279
1915,59446
1915,59489
1915,59266
1915,59438
1915,59473
1907,59266
1907,59186
1618,59342
1618,59264
1618,59353
1984,59350
1984,59362
1984,59489
1984,59447
1984,59438
1984,59264
1984,59234
2146,59327
2146,59171
2146,59216
2146,59489
2146,59438
2146,59342
2146,59265
2146,59128
1853,59167
1853,59369
1853,59489
1853,59315
1853,59493
1620,59285
1620,59315
1620,59489
1620,59438
1620,59437
1620,59165
1620,59264
1624,59452
1624,59221
1624,59489
1624,59415
1624,59353
1624,59438
1624,59265
1624,59163
1625,59342
1625,59264
1625,59353
2147,59216
2147,59318
2147,59489
2147,59315
2147,59414
2147,59366
2147,59438
2147,59223
2147,59230
2147,59415
2147,59474
2147,59165
2147,59234
2120,59171
2120,59167
2120,59130
2120,59438
2120,59415
2120,59156
2120,59421
2120,59164
2120,59353
2120,59468
2120,59253
2120,59163
2178,59216
2178,59315
2178,59366
2178,59415
2178,59226
2178,59342
2178,59225
2178,59403
2178,59165
2178,59279
2178,59163
2178,59265
2178,59264
2178,59214
2178,59232
1623,59167
1623,59315
1623,59353
1623,59186
1623,59264
1643,59167
1643,59377
1643,59489
1643,59392
1643,59265
2151,59369
2151,59489
2151,59315
2151,59438
2151,59165
2151,59128
2151,59234
1626,59473
1626,59438
1807,59315
1807,59165
1807,59265
1807,59128
1807,59171
1807,59216
1807,59377
1807,59489
1807,59156
1807,59318
1807,59414
1807,59438
1807,59424
1807,59234
1628,59171
1628,59446
1628,59186
1628,59285
1628,59489
1628,59315
1628,59291
1628,59353
1628,59438
1628,59266
1628,59320
1628,59242
1628,59265
1628,59264
1628,59163
2048,59489
2048,59438
2048,59415
2048,59525
2048,59177
1685,59315
1692,59446
1692,59315
1692,59202
1692,59438
1692,59266
1640,59446
1640,59366
1640,59353
1640,59438
1640,59165
1640,59242
1640,59291
1640,59163
2362,59167
2364,59285
2364,59167
2364,59489
2364,59354
2364,59438
2364,59353
2364,59264
1644,59489
1644,59315
1644,59438
1644,59266
1644,59264
1726,59446
1726,59238
1726,59167
1726,59489
1726,59315
1726,59438
1726,59266
1726,59229
1726,59525
1726,59423
1726,59424
1567,59167
1567,59489
1567,59187
1567,59262
1567,59438
1567,59163
1645,59446
1645,59187
1645,59353
1645,59438
1645,59186
1645,59264
2242,59350
2242,59222
2242,59468
2242,59483
2242,59172
2242,59265
2242,59163
2242,59231
2242,59415
2242,59505
2242,59489
2242,59262
2242,59229
2242,59225
2242,59210
2242,59177
2242,59285
2242,59359
2242,59130
2242,59192
2242,59414
2242,59438
2242,59223
1914,59489
1914,59315
1914,59447
1914,59438
1914,59266
1914,59424
1902,59167
1902,59489
1902,59421
1902,59320
1902,59128
1902,59431
1812,59285
1812,59489
1812,59353
1812,59438
1812,59279
1812,59172
1812,59128
1688,59167
1688,59489
1688,59266
1688,59424
2110,59446
2110,59285
2110,59171
2110,59315
2110,59489
2110,59414
2110,59438
2110,59407
2110,59265
2110,59264
1898,59167
1898,59489
1898,59267
1898,59473
1898,59264
1898,59128
1661,59171
1661,59489
1661,59517
1661,59438
1661,59437
1661,59304
2166,59171
2166,59327
2166,59320
2166,59315
2166,59392
2166,59263
2166,59299
2166,59421
2166,59474
2166,59398
2166,59468
2166,59276
2566,59171
2566,59492
2566,59446
2566,59167
2566,59447
2566,59291
2566,59438
2566,59415
2566,59299
2566,59260
2566,59468
2566,59304
2566,59128
2566,59163
1612,59446
1612,59171
1612,59452
1612,59221
1612,59489
1612,59392
1612,59438
1612,59299
1612,59353
1612,59158
1612,59525
1612,59264
2567,59327
2567,59171
2567,59216
2567,59489
2567,59438
2567,59342
2567,59265
2567,59128
1694,59489
1694,59438
1697,59489
1697,59266
1697,59424
2568,59165
2568,59163
2568,59415
2568,59279
2568,59149
2568,59217
2568,59489
2568,59494
2568,59392
2568,59474
2568,59318
2568,59130
2568,59396
2568,59414
2568,59438
2568,59320
2568,59234
1933,59171
1933,59489
1933,59267
1933,59392
1933,59354
1933,59438
1933,59226
1933,59265
1933,59264
2570,59167
2570,59489
2570,59315
2570,59353
2570,59415
2570,59279
2570,59421
2570,59438
2570,59165
2570,59468
2570,59163
1703,59446
1703,59167
1703,59489
1703,59438
1703,59279
1703,59403
1758,59167
1758,59499
1758,59441
1758,59489
1758,59392
1758,59442
1758,59177
1758,59264
1607,59285
1607,59489
1607,59354
1607,59438
1607,59353
1607,59264
1637,59353
1637,59165
1637,59163
1637,59447
1637,59279
1637,59264
1637,59446
1637,59407
1637,59226
1637,59438
1637,59473
1709,59167
1709,59377
1709,59517
1709,59438
1709,59265
1709,59128
1709,59321
2203,59171
2203,59327
2203,59489
2203,59130
2203,59315
2203,59207
2203,59414
2203,59438
2203,59299
2203,59392
2203,59265
2201,59322
2201,59318
2201,59130
2201,59414
2201,59299
2201,59415
2201,59474
2201,59163
1713,59446
1713,59489
1713,59438
1713,59266
1713,59424
1713,59505
1552,59202
1552,59353
1552,59264
1552,59446
1552,59438
1552,59473
2337,59315
2337,59438
2337,59264
1716,59167
1716,59489
1716,59438
1716,59291
1716,59264
1717,59446
1717,59219
1717,59489
1717,59354
1717,59438
1717,59230
1717,59407
1717,59266
1717,59424
1718,59167
1718,59266
2571,59171
2571,59315
2571,59230
2571,59415
2571,59165
2571,59234
2215,59167
2215,59489
2215,59315
2215,59438
2215,59415
2215,59279
2215,59421
2215,59165
2215,59468
2215,59163
2459,59242
2459,59489
2459,59315
2459,59438
2459,59353
2459,59477
2459,59186
2459,59264
1722,59489
1722,59266
1722,59424
2401,59259
2401,59489
2401,59295
2401,59266
2401,59424
2401,59265
1783,59446
1783,59499
1783,59489
1783,59438
1783,59525
1783,59424
2098,59470
2098,59366
2098,59291
2098,59438
2098,59299
2098,59472
2098,59165
2098,59135
2098,59163
2232,59217
2232,59234
2438,59171
2438,59216
2438,59489
2438,59315
2438,59414
2438,59392
2438,59438
2438,59437
2438,59353
2438,59266
2438,59474
2438,59165
2438,59424
2438,59234
1729,59259
1729,59489
1729,59295
1729,59266
1729,59424
1729,59265
2143,59171
2143,59438
2143,59299
2143,59165
1927,59167
1823,59202
1823,59353
1823,59505
1823,59264
1823,59446
1823,59499
1823,59489
1823,59267
1823,59266
1823,59438
1823,59424
1823,59408
2350,59130
2350,59247
2350,59415
2350,59163
2023,59167
2023,59315
2023,59266
2023,59525
2023,59424
2023,59264
2457,59315
2457,59265
2457,59128
2457,59377
2457,59505
2457,59264
2457,59489
2457,59437
2457,59285
2457,59414
2457,59438
2457,59299
2064,59171
2064,59327
2064,59489
2064,59130
2064,59438
2064,59415
2064,59223
2064,59177
2064,59468
2064,59483
2064,59128
2064,59163
2064,59234
1660,59446
1660,59171
1660,59505
1660,59499
1660,59377
1660,59489
1660,59221
1660,59438
1660,59353
1660,59226
1660,59424
1660,59265
1660,59264
2477,59446
2477,59489
2477,59377
2477,59438
2477,59525
2477,59424
2477,59264
1732,59489
1732,59354
1732,59266
1732,59424
1732,59264
1734,59266
1734,59525
2100,59167
2100,59489
2100,59130
2100,59517
2100,59438
2100,59415
2100,59229
2100,59462
2070,59327
2070,59315
2070,59247
2070,59165
2070,59172
2070,59265
2070,59171
2070,59231
2070,59216
2070,59415
2070,59279
2070,59217
2070,59489
2070,59338
2070,59474
2070,59285
2070,59259
2070,59438
2070,59320
2227,59327
2227,59369
2227,59493
2227,59287
2227,59483
2227,59265
2227,59304
2227,59163
2227,59128
2227,59216
2227,59178
2227,59230
2227,59260
2227,59378
2227,59489
2227,59262
2227,59474
2227,59220
2227,59286
2227,59159
2227,59285
2227,59130
2227,59192
2227,59438
2227,59299
2227,59257
2072,59167
2072,59369
2072,59409
2072,59489
2072,59493
2072,59438
2072,59164
2072,59468
2072,59483
2072,59265
2072,59506
2072,59163
2216,59171
2216,59327
2216,59489
2216,59130
2216,59207
2216,59414
2216,59438
2216,59299
2216,59392
2216,59265
1836,59441
1836,59489
1836,59470
1836,59266
1836,59424
1836,59135
1836,59321
2439,59266
2439,59424
1739,59238
1739,59377
1739,59489
1739,59415
1739,59342
1739,59424
1739,59264
2222,59171
2222,59159
2222,59327
2222,59259
2222,59216
2222,59489
2222,59315
2222,59438
2222,59279
2222,59474
2222,59165
2222,59468
2222,59172
2222,59265
2222,59257
2222,59163
2222,59234
1849,59315
1849,59470
1849,59447
1849,59266
1849,59424
1849,59505
1743,59489
1743,59266
1743,59424
1743,59264
1744,59315
1744,59467
1744,59525
1897,59131
1897,59315
1897,59266
1745,59227
1745,59499
1745,59489
1745,59295
1745,59438
1745,59266
1745,59525
1745,59424
1745,59172
1745,59505
1745,59128
1746,59266
1746,59424
1747,59202
1747,59424
1748,59171
1748,59167
1748,59377
1748,59489
1748,59438
1748,59230
1748,59265
1878,59167
1878,59287
1878,59265
1878,59415
1878,59291
1878,59264
1878,59409
1878,59292
1878,59489
1878,59156
1878,59286
1878,59438
1878,59381
1881,59489
1881,59130
1881,59392
1881,59438
1881,59230
1881,59381
1881,59163
1749,59446
1749,59265
1749,59424
1749,59489
1749,59366
1749,59525
1749,59474
1749,59222
1749,59165
1749,59320
1749,59291
1749,59128
1749,59163
1759,59266
1759,59167
1759,59517
1759,59424
2170,59327
2170,59171
2170,59216
2170,59489
2170,59438
2170,59342
2170,59265
2170,59128
1761,59167
1761,59489
1761,59267
1761,59473
1761,59264
1761,59128
2358,59167
2358,59369
2358,59315
2358,59247
2358,59353
2358,59342
2358,59165
2358,59163
2358,59477
2358,59324
2358,59264
2358,59489
2358,59403
2358,59285
2358,59329
2358,59438
2358,59424
2358,59381
2358,59257
2500,59171
2500,59177
2500,59424
2302,59285
2302,59489
2302,59354
2302,59438
2302,59353
2302,59264
1985,59315
1985,59489
1985,59267
1985,59470
1985,59226
1751,59285
1751,59489
1751,59354
1751,59438
1751,59264
2279,59327
2279,59171
2279,59216
2279,59489
2279,59438
2279,59342
2279,59265
2279,59128
1754,59167
1754,59489
1754,59289
1754,59266
1754,59177
1754,59424
1754,59128
2193,59167
2193,59279
2193,59172
2193,59377
1756,59266
1756,59264
2441,59342
2441,59167
2441,59128
2441,59424
2107,59322
2107,59318
2107,59130
2107,59414
2107,59299
2107,59415
2107,59474
2107,59163
2482,59227
2482,59489
2482,59289
2482,59266
2482,59424
2442,59329
2442,59477
2442,59441
2442,59499
2442,59167
2442,59489
2442,59517
2442,59414
2442,59438
2442,59229
2442,59424
2442,59265
2442,59505
2442,59128
1767,59285
1767,59167
1767,59216
1767,59369
1767,59489
1767,59315
1767,59202
1767,59414
1767,59366
1767,59438
1767,59165
1767,59324
1767,59265
2031,59377
2031,59489
2031,59392
2031,59265
2031,59264
1768,59159
1768,59350
1768,59468
1768,59318
1768,59362
1768,59489
1768,59517
1768,59354
1768,59255
1768,59438
1768,59525
1768,59260
1768,59424
1768,59253
1768,59510
1768,59265
1768,59505
1768,59163
2443,59266
2443,59447
2443,59470
1772,59167
1772,59489
1772,59178
1772,59354
1772,59438
1772,59424
1772,59128
1773,59238
1773,59167
1773,59489
1773,59403
1773,59424
1773,59505
2026,59327
2026,59167
2026,59315
2026,59354
2026,59342
2026,59165
2026,59468
2026,59253
2026,59304
2026,59128
2026,59265
2026,59163
2026,59171
2026,59477
2026,59260
2026,59505
2026,59320
2026,59489
2026,59474
2026,59159
2026,59414
2026,59438
2026,59424
2219,59167
2219,59216
2219,59371
2219,59156
2219,59165
2219,59424
2219,59265
2219,59163
2119,59167
2119,59315
2119,59468
2119,59265
2119,59163
2119,59216
2119,59415
2119,59230
2119,59291
2119,59292
2119,59489
2119,59259
2119,59414
2119,59438
2119,59424
1777,59171
1777,59285
1777,59409
1777,59216
1777,59489
1777,59493
1777,59415
1777,59299
1777,59165
1777,59265
1777,59234
2503,59238
2503,59489
2503,59424
2503,59265
2503,59264
2035,59227
2035,59489
2035,59315
2035,59354
2035,59266
2035,59505
1790,59489
1790,59266
1790,59424
1790,59264
2268,59517
2572,59327
2572,59350
2572,59167
2572,59165
2572,59222
2572,59304
2572,59163
2572,59171
2572,59219
2572,59230
2572,59415
2572,59279
2572,59264
2572,59446
2572,59362
2572,59489
2572,59474
2572,59130
2572,59438
2572,59299
1972,59167
1972,59409
1972,59489
1972,59267
1972,59354
1972,59266
1972,59424
1972,59265
2573,59489
2573,59315
2573,59447
2573,59438
2573,59165
2573,59234
2309,59177
2309,59377
2180,59216
2180,59318
2180,59489
2180,59315
2180,59414
2180,59366
2180,59438
2180,59223
2180,59230
2180,59415
2180,59474
2180,59165
2180,59234
1781,59238
1781,59489
1781,59266
1781,59424
1781,59264
2220,59369
2220,59315
2220,59165
2220,59304
2220,59171
2220,59216
2220,59424
2220,59230
2220,59415
2220,59378
2220,59489
2220,59421
2220,59474
2220,59438
2220,59299
2220,59320
2220,59381
2220,59234
1784,59265
1787,59489
1787,59315
1787,59295
1787,59505
1788,59266
1788,59264
2398,59446
2398,59489
2398,59264
2398,59438
1554,59285
1554,59489
1554,59438
1554,59353
1554,59264
1554,59234
2062,59327
2062,59492
2062,59377
2062,59489
2062,59130
2062,59438
2062,59415
2062,59156
2062,59279
1794,59167
1794,59489
1794,59315
1794,59447
1794,59263
1794,59266
1795,59238
1795,59489
1795,59424
1795,59265
1795,59264
2356,59350
2356,59489
2356,59266
2356,59177
2356,59424
2356,59505
2574,59315
2574,59247
2574,59468
2574,59253
2574,59183
2574,59265
2574,59304
2574,59163
2574,59322
2574,59415
2574,59260
2574,59338
2574,59474
2574,59130
2574,59438
2574,59299
1801,59489
1801,59438
1801,59266
1801,59525
1801,59424
2453,59165
2453,59183
2453,59265
2453,59163
2453,59216
2453,59377
2453,59415
2453,59279
2453,59149
2453,59462
2453,59378
2453,59489
2453,59392
2453,59366
2453,59437
2453,59156
2453,59421
2453,59318
2453,59130
2453,59438
2453,59381
2453,59234
1687,59167
1687,59177
1687,59381
1834,59230
1834,59219
1802,59446
1802,59167
1802,59489
1802,59438
1802,59525
1802,59424
1802,59264
1803,59167
1803,59369
1803,59489
1803,59267
1803,59517
1803,59392
1803,59438
1803,59230
1803,59342
1803,59266
1803,59403
1803,59424
1803,59128
1803,59264
1882,59266
1882,59505
1882,59424
2575,59130
2575,59247
2575,59415
2575,59163
1808,59266
2444,59315
2444,59264
2444,59438
1810,59227
1810,59489
1810,59289
1810,59266
1810,59424
2445,59489
2445,59266
1880,59304
1880,59265
1880,59171
1880,59264
1880,59505
1880,59446
1880,59499
1880,59489
1880,59437
1880,59525
1880,59438
1880,59299
1813,59171
1813,59266
1813,59424
1920,59167
1920,59353
1920,59421
1920,59525
1920,59424
1920,59264
1828,59446
1828,59505
1828,59315
1828,59489
1828,59262
1828,59438
1828,59226
1828,59263
1828,59266
1828,59353
1828,59525
1828,59424
1828,59264
1827,59167
1814,59424
1815,59231
1815,59489
1815,59525
1815,59381
1815,59264
1817,59438
1817,59266
1817,59424
1934,59327
1934,59350
1934,59247
1934,59468
1934,59287
1934,59253
1934,59163
1934,59255
1934,59505
1934,59264
1934,59446
1934,59409
1934,59499
1934,59362
1934,59489
1934,59266
1934,59421
1934,59525
1934,59286
1934,59159
1934,59130
1934,59517
1934,59438
1934,59331
1934,59298
1934,59424
1934,59381
1782,59315
1782,59266
2576,59329
2576,59130
2576,59315
2576,59438
2576,59299
2576,59474
2576,59260
2576,59468
2576,59253
2576,59304
2576,59477
2576,59163
1824,59238
1824,59470
1824,59354
1824,59438
1824,59424
1824,59264
1831,59381
1953,59167
1953,59227
1953,59489
1953,59289
1953,59525
1953,59424
1953,59264
2577,59171
2577,59489
2577,59230
2577,59415
2577,59234
2192,59167
2192,59489
2192,59315
2192,59353
2192,59415
2192,59279
2192,59421
2192,59438
2192,59165
2192,59468
2192,59163
1863,59266
1863,59424
1832,59394
1832,59292
1832,59489
1832,59354
1832,59438
1832,59415
1832,59353
1832,59407
1832,59525
1832,59361
1832,59291
1832,59264
1832,59163
2056,59167
2056,59315
2056,59266
2056,59424
1833,59369
1833,59318
1833,59489
1833,59438
1833,59415
1833,59165
1833,59320
1839,59489
1839,59470
1839,59264
1839,59424
2171,59362
2171,59489
2171,59414
2171,59438
2171,59505
2171,59163
1946,59227
1946,59499
1946,59489
1946,59447
1946,59438
1946,59266
1946,59525
1946,59424
1946,59264
2086,59167
2086,59287
2086,59183
2086,59128
2086,59171
2086,59216
2086,59415
2086,59149
2086,59378
2086,59489
2086,59392
2086,59421
2086,59474
2086,59285
2086,59414
2086,59438
2086,59299
2086,59381
1840,59377
1840,59315
1840,59470
1840,59266
1840,59424
1840,59443
1841,59177
1844,59238
1844,59489
1844,59424
1844,59265
1844,59264
2446,59372
2446,59285
2446,59489
2446,59353
2446,59438
2446,59408
2446,59163
2082,59171
2082,59167
2082,59414
2082,59353
2082,59438
2082,59462
2082,59265
2004,59216
2004,59344
2004,59315
2004,59267
2004,59470
2004,59424
2290,59350
2290,59489
2290,59266
2290,59177
2290,59424
2290,59505
1847,59202
1847,59424
1854,59350
1854,59167
1854,59315
1854,59353
1854,59227
1854,59295
1854,59279
1854,59264
1854,59505
1854,59446
1854,59489
1854,59266
1854,59525
1854,59438
2517,59216
2517,59219
2517,59362
2517,59489
2517,59377
2517,59130
2517,59315
2517,59265
2447,59489
2447,59315
2447,59470
2447,59392
2447,59447
2447,59438
2447,59266
2447,59423
2447,59424
1857,59167
1857,59369
1857,59409
1857,59489
1857,59493
1857,59424
1857,59265
1858,59369
1858,59489
1858,59266
1858,59424
1858,59264
2526,59167
2526,59409
2526,59489
2526,59267
2526,59354
2526,59266
2526,59424
2526,59265
2217,59378
2217,59322
2217,59338
2217,59247
2217,59299
2217,59183
1859,59446
1859,59372
1859,59167
1859,59344
1859,59489
1859,59315
1859,59438
1859,59433
1859,59525
1859,59424
1859,59264
1865,59446
1865,59517
1865,59353
1865,59438
1865,59495
1865,59266
1865,59473
1865,59424
1865,59360
1865,59264
1877,59489
1877,59470
1877,59266
1877,59423
1877,59473
1877,59424
1866,59489
1866,59128
1866,59265
1866,59264
2324,59171
2324,59216
2324,59414
2324,59438
2324,59415
2324,59474
2324,59128
2238,59489
2238,59407
2238,59262
2238,59438
1830,59238
1830,59231
1830,59409
1830,59259
1830,59167
1830,59369
1830,59489
1830,59517
1830,59403
1830,59165
1830,59424
1830,59217
1830,59265
1830,59163
1868,59202
1870,59489
1870,59266
1870,59424
1872,59238
1872,59377
1872,59489
1872,59266
1872,59265
2328,59167
2328,59315
2328,59353
2328,59424
2328,59264
1875,59266
2111,59173
2111,59468
2111,59253
2111,59304
2111,59163
2111,59171
2111,59415
2111,59260
2111,59324
2111,59321
2111,59489
2111,59196
2111,59474
2111,59285
2111,59130
2111,59438
2111,59299
2111,59323
1884,59525
1884,59505
1884,59264
1884,59424
1893,59266
1900,59167
1900,59369
1900,59489
1900,59266
1900,59403
1900,59505
2581,59438
2581,59437
2581,59462
2581,59483
2586,59167
2586,59489
2586,59315
2586,59353
2586,59415
2586,59279
2586,59421
2586,59438
2586,59165
2586,59468
2586,59163
2402,59525
2255,59266
2255,59295
2255,59424
2352,59315
2352,59304
2352,59163
2352,59171
2352,59489
2352,59262
2352,59437
2352,59263
2352,59403
2352,59438
2352,59299
2424,59350
2424,59362
2424,59489
2424,59447
2424,59438
2424,59264
2424,59234
2461,59446
2461,59489
2461,59315
2461,59438
2461,59353
2461,59264
1582,59452
1582,59394
1582,59504
1582,59154
1582,59458
1582,59489
1582,59517
1582,59353
1582,59158
1582,59438
1582,59407
1582,59279
1582,59152
1582,59391
1582,59172
1582,59264
1582,59509
2419,59171
2419,59167
2419,59377
2419,59489
2419,59438
2419,59230
2419,59265
1576,59446
1576,59489
1576,59226
1576,59353
1576,59438
1576,59186
1579,59372
1579,59167
1579,59315
1579,59353
1579,59171
1579,59377
1579,59489
1579,59392
1579,59226
1579,59177
2269,59372
2269,59265
2269,59292
2269,59489
2269,59315
2269,59438
2269,59266
2269,59525
2269,59165
2269,59424
2269,59291
2269,59163
2427,59238
2427,59369
2427,59489
2427,59315
2427,59165
2427,59424
1609,59446
1609,59167
1609,59392
1609,59438
1609,59407
1609,59437
1609,59229
1609,59403
1611,59446
1611,59285
1611,59335
1611,59167
1611,59372
1611,59504
1611,59489
1611,59458
1611,59315
1611,59178
1611,59438
1611,59264
1611,59459
2369,59344
2369,59489
2369,59354
2369,59525
2369,59424
2369,59264
1621,59353
1621,59299
1621,59438
1678,59353
1678,59152
1678,59172
1678,59458
1678,59279
1678,59264
1678,59452
1678,59394
1678,59154
1678,59489
1678,59158
1678,59407
1678,59391
1678,59509
1678,59504
1678,59517
1678,59438
2339,59372
2339,59265
2339,59292
2339,59489
2339,59315
2339,59438
2339,59266
2339,59525
2339,59165
2339,59424
2339,59291
2339,59163
2300,59350
2300,59315
2300,59353
2300,59172
2300,59279
2300,59242
2300,59264
2300,59446
2300,59525
2300,59438
2300,59473
2250,59238
2250,59489
2250,59424
2250,59265
2250,59264
2136,59171
2136,59327
2136,59159
2136,59409
2136,59468
2136,59489
2136,59130
2136,59438
2136,59229
2136,59260
2136,59304
2136,59424
2136,59265
2136,59163
2314,59372
2314,59265
2314,59292
2314,59489
2314,59315
2314,59438
2314,59266
2314,59525
2314,59165
2314,59424
2314,59291
2314,59163
1791,59238
1791,59378
1791,59167
1791,59489
1791,59315
1791,59392
1791,59438
1791,59226
1791,59342
1791,59263
1791,59323
1791,59424
1791,59128
2259,59525
2259,59505
2259,59264
2259,59424
2405,59446
2405,59489
2405,59315
2405,59354
2405,59438
2405,59266
2405,59424
2405,59505
1952,59446
1952,59372
1952,59489
1952,59438
1952,59226
1952,59477
1952,59264
2455,59171
2455,59231
2455,59216
2455,59489
2455,59315
2455,59438
2455,59299
2455,59165
2455,59217
2455,59304
2455,59264
2455,59234
2365,59446
2365,59171
2365,59489
2365,59438
2365,59473
2365,59264
2209,59489
2209,59354
2209,59438
2209,59437
2209,59424
2209,59505
2209,59163
2002,59167
2002,59315
2002,59489
2002,59438
2002,59263
2002,59342
2002,59230
2002,59279
2002,59424
2002,59172
2002,59265
2002,59163
2456,59327
2456,59171
2456,59259
2456,59489
2456,59470
2456,59354
2456,59438
2456,59279
2456,59165
2456,59177
2456,59172
2456,59265
2456,59163
2456,59234
2422,59446
2422,59505
2422,59489
2422,59438
2422,59353
2422,59525
2422,59473
2422,59424
2422,59242
2422,59264
2009,59394
2009,59378
2009,59438
2009,59407
2009,59246
2009,59353
2009,59421
2009,59403
2009,59462
2009,59381
2009,59457
2317,59285
2317,59377
2317,59489
2317,59315
2317,59470
2317,59366
2317,59438
2317,59226
2317,59165
2317,59265
2317,59234
2320,59322
2320,59318
2320,59130
2320,59414
2320,59299
2320,59415
2320,59474
2320,59163
2273,59167
2275,59327
2275,59171
2275,59216
2275,59489
2275,59438
2275,59342
2275,59265
2275,59128
2367,59167
2367,59470
2367,59424
2367,59443
2367,59135
2096,59322
2096,59318
2096,59130
2096,59414
2096,59299
2096,59415
2096,59474
2096,59163
1556,59353
1556,59171
1556,59221
1556,59264
1556,59446
1556,59452
1556,59489
1556,59392
1556,59158
1556,59525
1556,59438
1556,59299
2063,59327
2063,59167
2063,59315
2063,59493
2063,59247
2063,59165
2063,59265
2063,59128
2063,59163
2063,59171
2063,59377
2063,59279
2063,59462
2063,59321
2063,59394
2063,59378
2063,59338
2063,59392
2063,59407
2063,59318
2063,59130
2063,59438
2384,59167
2384,59369
2384,59377
2384,59489
2384,59493
2384,59438
2384,59266
2384,59165
2384,59358
2384,59424
2384,59265
2508,59167
2508,59377
2508,59489
2508,59353
2508,59438
2508,59266
2508,59264
2508,59424
2508,59265
2508,59128
2508,59163
2158,59489
2158,59470
2158,59438
2158,59437
2158,59415
2158,59424
2158,59234
2164,59315
2164,59342
2164,59165
2164,59265
2164,59163
2164,59216
2164,59415
2164,59279
2164,59264
2164,59366
2164,59226
2164,59225
2164,59403
2164,59214
2164,59232
1991,59315
1991,59353
1991,59165
1991,59171
1991,59216
1991,59489
1991,59392
1991,59437
1991,59266
1991,59474
1991,59414
1991,59438
1991,59424
1991,59234
2068,59171
2068,59489
2068,59392
2068,59265
2068,59163
2068,59234
2069,59446
2069,59167
2069,59287
2069,59489
2069,59130
2069,59438
2069,59525
2069,59225
2069,59424
2069,59265
2069,59163
2225,59216
2225,59369
2225,59489
2225,59415
2225,59437
2225,59165
2225,59424
2225,59265
2181,59327
2181,59247
2181,59163
2181,59322
2181,59377
2181,59489
2181,59338
2181,59437
2181,59285
2181,59130
2181,59438
2181,59234
2073,59446
2073,59167
2073,59369
2073,59409
2073,59377
2073,59489
2073,59392
2073,59493
2073,59291
2073,59438
2073,59279
2073,59421
2073,59265
2462,59285
2462,59489
2462,59438
2462,59415
2462,59353
2462,59234
1998,59167
1998,59265
1998,59505
1998,59264
1998,59446
1998,59441
1998,59489
1998,59229
1998,59438
1998,59442
1998,59424
1603,59446
1603,59447
1603,59438
1603,59353
1603,59279
1603,59473
1603,59264
1603,59163
1596,59285
1596,59489
1596,59438
1596,59353
1596,59415
1596,59264
1596,59234
2463,59264
1633,59167
1633,59369
1633,59489
1633,59517
1633,59342
1633,59266
1633,59265
2267,59167
2121,59315
2121,59489
2121,59165
2121,59304
2121,59128
2083,59446
2083,59167
2083,59216
2083,59377
2083,59489
2083,59392
2083,59438
2083,59474
2083,59424
2083,59265
2084,59327
2084,59171
2084,59216
2084,59489
2084,59438
2084,59342
2084,59265
2084,59128
2426,59446
2426,59505
2426,59499
2426,59489
2426,59315
2426,59438
2426,59266
2426,59473
2426,59424
2426,59264
1981,59266
1981,59167
1981,59381
1981,59424
2409,59372
2409,59377
2409,59489
2409,59353
2409,59438
2409,59424
2409,59264
2182,59489
2182,59392
2182,59437
2182,59286
2182,59234
1599,59499
1599,59438
1599,59226
1599,59266
1599,59264
2283,59438
2283,59437
2283,59462
2283,59483
1551,59446
1551,59167
1551,59489
1551,59267
1551,59438
1551,59266
1551,59177
1551,59264
1555,59167
1555,59315
1555,59353
1555,59424
1555,59264
2042,59424
2326,59171
2326,59159
2326,59167
2326,59216
2326,59489
2326,59130
2326,59414
2326,59247
2326,59438
2326,59164
2326,59437
2326,59415
2326,59474
2326,59253
2326,59128
2326,59163
2087,59171
2087,59438
2087,59230
2087,59415
2087,59266
2087,59163
2284,59130
2284,59247
2284,59415
2284,59163
2428,59266
2428,59264
1575,59171
1575,59231
1575,59378
1575,59167
1575,59318
1575,59377
1575,59338
1575,59407
1575,59415
1575,59177
1575,59217
2293,59315
2293,59265
2293,59128
2293,59377
2293,59505
2293,59264
2293,59489
2293,59437
2293,59285
2293,59414
2293,59438
2293,59299
2204,59171
2204,59216
2204,59438
2204,59415
2204,59474
2430,59443
2430,59167
2430,59441
2430,59489
1651,59446
1651,59329
1651,59378
1651,59325
1651,59438
1651,59403
1651,59477
1651,59381
1651,59128
1651,59179
1651,59321
1563,59446
1563,59438
1563,59353
1724,59335
1724,59167
1724,59315
1724,59438
1724,59266
1724,59424
1724,59264
2261,59167
1553,59354
1553,59353
1553,59173
1553,59264
1553,59489
1553,59407
1553,59437
1553,59525
1553,59285
1553,59438
1553,59408
1635,59353
1635,59165
1635,59172
1635,59304
1635,59265
1635,59163
1635,59171
1635,59279
1635,59291
1635,59489
1635,59392
1635,59438
1635,59234
1573,59489
1573,59392
1573,59158
1573,59438
1573,59156
1573,59266
1573,59424
1837,59171
1837,59167
1837,59489
1837,59315
1837,59230
1837,59177
1837,59424
1705,59167
1705,59369
1705,59489
1705,59396
1705,59187
1705,59517
1705,59438
1705,59403
1705,59265
2298,59285
2298,59489
2298,59354
2298,59438
2298,59353
2298,59264
2310,59202
2310,59424
1929,59446
1929,59424
1929,59315
1929,59438
1929,59264
1929,59505
1737,59167
1737,59441
1737,59489
1737,59470
1737,59266
1649,59446
1649,59216
1649,59499
1649,59489
1649,59315
1649,59392
1649,59353
1649,59438
1649,59165
1649,59424
1649,59264
1649,59234
1663,59315
1663,59353
1663,59165
1663,59163
1663,59415
1663,59291
1663,59264
1663,59394
1663,59292
1663,59489
1663,59407
1663,59263
1663,59439
1663,59186
1663,59509
1663,59285
1663,59438
1663,59430
2113,59322
2113,59318
2113,59130
2113,59414
2113,59299
2113,59415
2113,59474
2113,59163
1775,59350
1775,59499
1775,59489
1775,59289
1775,59354
1707,59202
1707,59424
1708,59446
1708,59489
1708,59438
1708,59415
1708,59421
1708,59424
1708,59264
1720,59171
1720,59446
1720,59350
1720,59167
1720,59378
1720,59505
1720,59362
1720,59489
1720,59438
1720,59525
1720,59424
1720,59381
1720,59264
1712,59441
1712,59489
1712,59202
1712,59438
1712,59128
1712,59163
1789,59315
1789,59489
1789,59438
1789,59415
1789,59525
1789,59177
2231,59216
2231,59318
2231,59489
2231,59414
2231,59438
2231,59223
2231,59230
2231,59415
2231,59474
2231,59165
2231,59234
1578,59187
1578,59202
2476,59315
2476,59525
2480,59353
2480,59265
2480,59171
2480,59231
2480,59424
2480,59219
2480,59377
2480,59462
2480,59505
2480,59446
2480,59409
2480,59489
2480,59525
2480,59318
2480,59438
2480,59299
2480,59320
2351,59438
2351,59437
2351,59462
2351,59483
1986,59167
1641,59446
1641,59489
1641,59315
1641,59353
1641,59226
1641,59438
1641,59186
1641,59291
1641,59264
2440,59489
2440,59369
2440,59264
1638,59318
1638,59489
1638,59438
1638,59264
1638,59163
1742,59372
1742,59167
1742,59315
1742,59353
1742,59265
1742,59171
1742,59458
1742,59489
1742,59437
1742,59266
1742,59225
1742,59525
1742,59259
1742,59438
1742,59473
1742,59424
1742,59335
1819,59350
1819,59489
1819,59423
1819,59424
1819,59265
1819,59505
1821,59315
1821,59267
1821,59289
1753,59266
1757,59238
1757,59215
1757,59409
1757,59489
1757,59403
1757,59424
1757,59265
1760,59446
1760,59171
1760,59350
1760,59378
1760,59505
1760,59362
1760,59438
1760,59525
1760,59473
1760,59424
1760,59381
1760,59264
1778,59167
1778,59489
1778,59266
1778,59424
1936,59238
1936,59378
1936,59167
1936,59489
1936,59315
1936,59392
1936,59438
1936,59353
1936,59342
1936,59226
1936,59263
1936,59323
1936,59264
1936,59424
1936,59128
1682,59278
1682,59315
1682,59165
1682,59468
1682,59162
1682,59163
1682,59415
1682,59137
1682,59522
1682,59131
1682,59344
1682,59366
1682,59262
1682,59263
1682,59130
1682,59438
2177,59446
2177,59171
2177,59329
2177,59216
2177,59369
2177,59167
2177,59327
2177,59489
2177,59315
2177,59353
2177,59299
2177,59474
2177,59165
2177,59477
2177,59304
2177,59128
2177,59234
2012,59171
2012,59377
2012,59315
2012,59470
2012,59266
2012,59424
2012,59505
1796,59489
1796,59438
1798,59266
1800,59353
1800,59505
1800,59264
1800,59489
1800,59187
1800,59437
1800,59525
1800,59186
1800,59438
1800,59142
1800,59424
1800,59234
2263,59234
2263,59165
2263,59473
2263,59438
2195,59369
2195,59304
2195,59265
2195,59163
2195,59216
2195,59377
2195,59230
2195,59279
2195,59378
2195,59489
2195,59407
2195,59437
2195,59403
2195,59492
2195,59259
2195,59438
2493,59446
2493,59505
2493,59315
2493,59489
2493,59262
2493,59438
2493,59226
2493,59263
2493,59266
2493,59353
2493,59525
2493,59424
2493,59264
1820,59446
1820,59215
1820,59167
1820,59369
1820,59409
1820,59489
1820,59438
1820,59421
1820,59424
1820,59265
1822,59377
1822,59353
1822,59408
1822,59264
1826,59372
1826,59377
1826,59489
1826,59353
1826,59438
1826,59424
1826,59264
1945,59266
1945,59264
2101,59167
2101,59489
2101,59130
2101,59517
2101,59438
2101,59415
2101,59229
2101,59462
1850,59171
1850,59216
1850,59318
1850,59377
1850,59489
1850,59315
1850,59414
1850,59438
1850,59165
1850,59424
1850,59265
1850,59128
1850,59234
2213,59489
2213,59392
2213,59437
2213,59286
2213,59234
1848,59167
1848,59353
1848,59421
1848,59525
1848,59424
1848,59264
1855,59171
1855,59177
1855,59424
1895,59167
1876,59159
1876,59285
1876,59441
1876,59315
1876,59443
1876,59438
1876,59437
1876,59442
1876,59477
1876,59131
1876,59505
1876,59163
1879,59499
1879,59227
1879,59489
1879,59193
1879,59353
1879,59226
1879,59438
1879,59424
1879,59384
1879,59264
1883,59167
1883,59264
1883,59424
1888,59238
1888,59266
1888,59424
1889,59372
1889,59171
1889,59167
1889,59267
1889,59438
1889,59266
1889,59424
1889,59264
1896,59167
1896,59369
1896,59489
1896,59517
1896,59392
1896,59438
1896,59230
1896,59266
1896,59403
1896,59424
1896,59128
2454,59171
2454,59489
2454,59438
2454,59415
2454,59230
2454,59474
2454,59165
2454,59320
2454,59265
1899,59315
2103,59165
2103,59163
2103,59171
2103,59377
2103,59415
2103,59232
2103,59489
2103,59338
2103,59494
2103,59177
2103,59130
2103,59438
2103,59234
2389,59350
2389,59489
2389,59266
2389,59177
2389,59424
2389,59505
2464,59242
2464,59489
2464,59315
2464,59438
2464,59353
2464,59477
2464,59186
2464,59264
2491,59377
2491,59489
2491,59265
2491,59128
1891,59202
1891,59424
2013,59350
2013,59505
2013,59315
2013,59289
2013,59202
2013,59424
2013,59264
2148,59171
2148,59489
2148,59230
2148,59415
2148,59234
1733,59202
1733,59424
1926,59231
1926,59167
1926,59489
1926,59315
1926,59267
1926,59438
1926,59266
1926,59177
1926,59424
1979,59489
1979,59266
1979,59177
1979,59424
2194,59171
2194,59167
2194,59377
2194,59517
2194,59438
2194,59415
2194,59279
2194,59437
2194,59172
2492,59266
2492,59525
1752,59171
1752,59520
1752,59489
1752,59438
1752,59353
1752,59265
1752,59163
1752,59234
1954,59266
1954,59424
2030,59409
2030,59489
2030,59267
2030,59392
2030,59353
2030,59424
2030,59242
2030,59265
2030,59264
2046,59216
2046,59441
2046,59167
2046,59369
2046,59489
2046,59315
2046,59415
2046,59442
2046,59165
2046,59403
2046,59483
2046,59128
2452,59159
2452,59377
2452,59130
2452,59338
2452,59392
2452,59255
2452,59438
2452,59260
2452,59265
2452,59163
2519,59446
2519,59353
2519,59438
2519,59424
1990,59446
1990,59221
1990,59315
1990,59489
1990,59438
1990,59266
1990,59525
1990,59424
2465,59446
2465,59447
2465,59438
2465,59353
2465,59279
2465,59473
2465,59264
2465,59163
2077,59167
2077,59315
2077,59353
2077,59165
2077,59265
2077,59163
2077,59279
2077,59242
2077,59489
2077,59392
2077,59474
2077,59438
2077,59320
2379,59167
2379,59369
2379,59377
2379,59489
2379,59493
2379,59438
2379,59266
2379,59165
2379,59358
2379,59424
2379,59265
2494,59230
2494,59219
1992,59202
1992,59468
1992,59253
1992,59163
1992,59260
1992,59505
1992,59362
1992,59489
1992,59437
1992,59159
1992,59438
1992,59424
2208,59167
2208,59247
2208,59253
2208,59128
2208,59163
2208,59171
2208,59216
2208,59415
2208,59164
2208,59489
2208,59437
2208,59474
2208,59159
2208,59130
2208,59414
2208,59438
2523,59505
2523,59369
2523,59216
2523,59377
2523,59396
2523,59489
2523,59470
2523,59315
2523,59354
2523,59493
2523,59342
2523,59266
2523,59165
2523,59177
2523,59424
2523,59265
2523,59264
1995,59167
1995,59377
1995,59489
1995,59315
1995,59403
1995,59381
1995,59265
1977,59167
1977,59369
1977,59489
1977,59438
1977,59266
1977,59424
1977,59265
1993,59263
1993,59238
1993,59266
1993,59424
1996,59167
1996,59315
1996,59266
1996,59424
1997,59315
1997,59470
1997,59165
2361,59446
2361,59372
2361,59167
2361,59489
2361,59438
2361,59264
2410,59489
2410,59266
2410,59167
2410,59424
2022,59441
2022,59489
2022,59353
2022,59442
2022,59265
2022,59264
2000,59446
2000,59505
2000,59499
2000,59489
2000,59315
2000,59438
2000,59266
2000,59473
2000,59424
2000,59264
2001,59446
2001,59499
2001,59489
2001,59315
2001,59438
2001,59525
2001,59264
1971,59159
1971,59163
1982,59167
1982,59369
1982,59489
1982,59266
1982,59403
1982,59505
2383,59167
2383,59369
2383,59377
2383,59489
2383,59493
2383,59438
2383,59266
2383,59165
2383,59358
2383,59424
2383,59265
2089,59329
2089,59489
2089,59366
2089,59414
2089,59415
2089,59225
2089,59165
2089,59477
2095,59130
2095,59392
2095,59279
2095,59165
2095,59163
2495,59171
2495,59167
2495,59489
2495,59315
2495,59230
2495,59177
2495,59424
2234,59171
2234,59492
2234,59265
2234,59276
2234,59489
2234,59392
2234,59299
2234,59149
2234,59403
2234,59474
2234,59412
2234,59304
1874,59167
1874,59377
1874,59489
1874,59353
1874,59438
1874,59266
1874,59264
1874,59424
1874,59265
1874,59128
1874,59163
2014,59167
2014,59489
2016,59167
2016,59489
2016,59266
2016,59525
2016,59265
2016,59264
1994,59446
1994,59489
1994,59438
1994,59266
1994,59320
2106,59350
2106,59167
2106,59369
2106,59236
2106,59353
2106,59304
2106,59265
2106,59171
2106,59415
2106,59505
2106,59441
2106,59489
2106,59392
2106,59525
2106,59403
2106,59177
2106,59130
2106,59414
2106,59299
2106,59424
1731,59489
1731,59266
1731,59369
1731,59424
1887,59470
1887,59266
1887,59424
2327,59216
2327,59318
2327,59489
2327,59414
2327,59438
2327,59223
2327,59230
2327,59415
2327,59474
2327,59165
2327,59234
2059,59489
2059,59315
2059,59470
2059,59392
2059,59447
2059,59438
2059,59266
2059,59423
2059,59424
2059,59128
2184,59369
2184,59304
2184,59265
2184,59171
2184,59377
2184,59477
2184,59409
2184,59489
2184,59437
2184,59474
2184,59329
2184,59259
2184,59318
2184,59414
2184,59438
2184,59299
2184,59320
2074,59159
2074,59489
2074,59414
2074,59255
2074,59438
2074,59279
2074,59165
2074,59468
2074,59163
2407,59381
2303,59167
2122,59446
2122,59409
2122,59318
2122,59489
2122,59315
2122,59438
2122,59505
2122,59128
2450,59171
2450,59159
2450,59285
2450,59327
2450,59468
2450,59322
2450,59477
2450,59329
2450,59414
2450,59247
2450,59438
2450,59415
2450,59474
2450,59260
2450,59253
2450,59128
2450,59163
2189,59327
2189,59315
2189,59165
2189,59304
2189,59163
2189,59171
2189,59489
2189,59262
2189,59437
2189,59263
2189,59299
2387,59167
2387,59369
2387,59377
2387,59489
2387,59493
2387,59438
2387,59266
2387,59165
2387,59358
2387,59424
2387,59265
1715,59167
1715,59489
1715,59447
1715,59438
1715,59266
1715,59264
1653,59372
1956,59167
1956,59470
1956,59263
2504,59238
2504,59231
2504,59409
2504,59259
2504,59167
2504,59369
2504,59489
2504,59517
2504,59403
2504,59165
2504,59424
2504,59217
2504,59265
2504,59163
1957,59266
2368,59167
2368,59489
2368,59266
2368,59424
2252,59489
2252,59447
2252,59438
2252,59226
2252,59473
2252,59424
2276,59327
2276,59171
2276,59216
2276,59414
2276,59438
2276,59299
2276,59415
2276,59474
2276,59304
2272,59525
2335,59350
2335,59353
2335,59165
2335,59163
2335,59279
2335,59360
2335,59242
2335,59330
2335,59446
2335,59378
2335,59226
2335,59421
2335,59403
2335,59509
2335,59438
2335,59180
2403,59315
2403,59266
2403,59264
2472,59342
2472,59264
2472,59353
2212,59167
2212,59265
2212,59377
2212,59149
2212,59462
2212,59324
2212,59409
2212,59392
2212,59421
2212,59130
2212,59414
2212,59438
2212,59320
2212,59381
1562,59315
1562,59202
1562,59353
1562,59165
1562,59163
1562,59458
1562,59279
1562,59361
1562,59242
1562,59446
1562,59394
1562,59489
1562,59407
1562,59438
1562,59335
2466,59394
2466,59285
2466,59292
2466,59489
2466,59315
2466,59353
2466,59407
2466,59438
2466,59263
2466,59415
2466,59165
2466,59439
2466,59430
2466,59186
2466,59291
2466,59264
2466,59163
2466,59509
1683,59489
1683,59447
1683,59438
1683,59230
1683,59415
1683,59266
1683,59424
1683,59483
1684,59505
1684,59227
1684,59489
1684,59289
1684,59447
1684,59438
1684,59128
2382,59167
2382,59369
2382,59377
2382,59489
2382,59493
2382,59438
2382,59266
2382,59165
2382,59358
2382,59424
2382,59265
2017,59266
2017,59167
2017,59264
2017,59424
1966,59424
1966,59377
1966,59489
1966,59202
1966,59264
1966,59505
1966,59128
2359,59452
2359,59446
2359,59315
2359,59158
2359,59353
2359,59438
2359,59439
2359,59430
2359,59264
2359,59186
2359,59330
2359,59509
2156,59165
2199,59167
2251,59489
2251,59414
2251,59438
2251,59407
2251,59266
2251,59473
2251,59424
2251,59505
2021,59266
2021,59225
2021,59505
2021,59424
2413,59525
2413,59377
2413,59318
2413,59424
1571,59171
1571,59167
1571,59489
1571,59438
1571,59353
1571,59279
1571,59437
1571,59165
1571,59163
2296,59285
2296,59489
2296,59438
2296,59353
2296,59415
2296,59264
2296,59234
2297,59446
2297,59489
2297,59315
2297,59438
2297,59353
2183,59159
2183,59285
2183,59424
2183,59468
2183,59489
2183,59315
2183,59438
2183,59415
2183,59156
2183,59164
2183,59437
2183,59525
2183,59260
2183,59443
2183,59304
2183,59505
2183,59163
2183,59321
1805,59202
1805,59354
1805,59371
1805,59505
1805,59446
1805,59525
1805,59438
1805,59473
1805,59424
2117,59315
2117,59489
2117,59165
2117,59304
2117,59128
1918,59525
1918,59265
1918,59264
1918,59177
1901,59167
1901,59489
1901,59354
1901,59262
1901,59266
1901,59265
2513,59167
1911,59489
1911,59354
1911,59266
1911,59424
1911,59128
1919,59167
1919,59489
1919,59424
1919,59505
1860,59238
1860,59231
1860,59409
1860,59259
1860,59167
1860,59369
1860,59489
1860,59517
1860,59403
1860,59165
1860,59424
1860,59217
1860,59265
1860,59163
2131,59171
2131,59167
2131,59315
2131,59489
2131,59414
2131,59353
2131,59438
2131,59149
2131,59165
2131,59163
2131,59264
2131,59234
2032,59315
2032,59266
2032,59505
2045,59238
2045,59489
2045,59424
2045,59265
2045,59264
2518,59489
2518,59438
2518,59525
2518,59424
2360,59171
2360,59489
2360,59438
2360,59226
2191,59327
2191,59247
2191,59165
2191,59172
2191,59265
2191,59128
2191,59163
2191,59377
2191,59415
2191,59279
2191,59291
2191,59292
2191,59489
2191,59338
2191,59525
2191,59286
2191,59259
2191,59438
2191,59320
2191,59234
1916,59266
1916,59264
1867,59377
1867,59489
1867,59265
1867,59128
1905,59167
1905,59266
1905,59424
1905,59381
1921,59238
1921,59231
1921,59409
1921,59259
1921,59167
1921,59369
1921,59489
1921,59517
1921,59403
1921,59165
1921,59424
1921,59217
1921,59265
1921,59163
2118,59315
2118,59489
2118,59165
2118,59304
2118,59128
1930,59424
1930,59227
2066,59415
2066,59517
2066,59265
2066,59264
2363,59438
1965,59489
1965,59315
1965,59353
1965,59226
1965,59438
1965,59525
1965,59424
2055,59489
2055,59438
2055,59415
2055,59525
2055,59177
1962,59167
1962,59369
1962,59489
1962,59315
2467,59378
2467,59438
2467,59357
2467,59421
2467,59462
2467,59264
2155,59167
2155,59489
2155,59315
2155,59353
2155,59415
2155,59279
2155,59421
2155,59438
2155,59165
2155,59468
2155,59163
1864,59489
1864,59438
1864,59424
1864,59264
1864,59128
2323,59167
2323,59216
2323,59489
2323,59366
2323,59438
2323,59437
2323,59525
2323,59474
2323,59165
2323,59323
2323,59265
2323,59234
2223,59217
2223,59234
2416,59415
2416,59342
2416,59499
2416,59264
2154,59171
2154,59492
2154,59446
2154,59167
2154,59447
2154,59291
2154,59438
2154,59415
2154,59299
2154,59260
2154,59468
2154,59304
2154,59128
2154,59163
2018,59489
2018,59369
2018,59264
2097,59285
2097,59378
2097,59369
2097,59468
2097,59489
2097,59494
2097,59414
2097,59392
2097,59438
2097,59437
2097,59403
2097,59165
2097,59424
2097,59217
2097,59183
2097,59163
2097,59232
2390,59438
2390,59437
2390,59462
2390,59483
2392,59167
2392,59216
2392,59489
2392,59366
2392,59438
2392,59437
2392,59525
2392,59474
2392,59165
2392,59323
2392,59265
2392,59234
2468,59446
2468,59447
2468,59438
2468,59353
2468,59279
2468,59473
2468,59264
2468,59163
2391,59167
2391,59377
2391,59299
2391,59342
2391,59279
2391,59265
2536,59167
2536,59315
2536,59266
2536,59525
2536,59424
2536,59264
2469,59446
2469,59372
2469,59167
2469,59489
2469,59438
2469,59264
2470,59342
2470,59264
2470,59353
2534,59489
2534,59414
2534,59438
2534,59407
2534,59266
2534,59473
2534,59424
2534,59505
2411,59202
2411,59424
2471,59242
2471,59489
2471,59315
2471,59438
2471,59353
2471,59477
2471,59186
2471,59264
2374,59489
2374,59414
2374,59438
2374,59407
2374,59266
2374,59473
2374,59424
2374,59505
1976,59408
1976,59377
1976,59264
1976,59353
2373,59372
2373,59265
2373,59292
2373,59489
2373,59315
2373,59438
2373,59266
2373,59525
2373,59165
2373,59424
2373,59291
2373,59163
2539,59167
2331,59167
2331,59489
2331,59517
2331,59353
2331,59438
2331,59128
1983,59350
1983,59369
1983,59165
1983,59172
1983,59265
1983,59304
1983,59163
1983,59377
1983,59230
1983,59279
1983,59506
1983,59505
1983,59378
1983,59409
1983,59489
1983,59403
1983,59438
1983,59299
1983,59424
1983,59443
2425,59489
2425,59414
2425,59438
2425,59407
2425,59266
2425,59473
2425,59424
2425,59505
2336,59489
2336,59354
2336,59266
2336,59473
2080,59285
2080,59369
2080,59489
2080,59315
2080,59267
2080,59266
2080,59165
2080,59424
2080,59265
2080,59264
1917,59167
2415,59238
2415,59470
2415,59354
2415,59438
2415,59424
2415,59264
2265,59234
2265,59165
2265,59473
2265,59438
1809,59266
1809,59167
1809,59447
1809,59424
2020,59489
2020,59266
2406,59315
2406,59424
2412,59266
2412,59264
2412,59424
2473,59452
2473,59517
2473,59414
2473,59438
2473,59353
2473,59279
2473,59165
2473,59439
2473,59264
2473,59188
2473,59128
2473,59242
2473,59330
2473,59163
2473,59509
2162,59327
2162,59167
2162,59369
2162,59377
2162,59489
2162,59493
1723,59238
1723,59167
1723,59266
1723,59525
1723,59424
1723,59265
1776,59238
1776,59489
1776,59424
1776,59265
1776,59264
1903,59230
1903,59266
1903,59489
1903,59505
1680,59285
1680,59460
1680,59191
1680,59513
1680,59338
1680,59192
1680,59262
1680,59247
1680,59438
1680,59415
1680,59226
1680,59353
1680,59225
1680,59320
1680,59163
1680,59179
2237,59217
2237,59234
1714,59227
1714,59289
1714,59128
2278,59216
2278,59377
2278,59489
2278,59517
2278,59438
2278,59403
2278,59423
2278,59324
2278,59265
2135,59159
2135,59489
2135,59414
2135,59255
2135,59438
2135,59279
2135,59165
2135,59468
2135,59163
1695,59216
1695,59424
2102,59327
2102,59171
2102,59216
2102,59489
2102,59438
2102,59279
2102,59474
2102,59165
2102,59172
2102,59234
2186,59446
2186,59327
2186,59378
2186,59216
2186,59130
2186,59489
2186,59392
2186,59247
2186,59438
2186,59183
2186,59265
2186,59163
1947,59238
1947,59167
1947,59489
1947,59354
1947,59230
1947,59266
1947,59177
1947,59424
2240,59217
2240,59234
2029,59362
2029,59489
2029,59377
2029,59438
2029,59525
2029,59424
2029,59265
2029,59505
1955,59315
1955,59470
1955,59266
1955,59424
1955,59443
2123,59171
2123,59438
2123,59299
2123,59320
2123,59265
2281,59327
2281,59171
2281,59216
2281,59489
2281,59438
2281,59342
2281,59265
2281,59128
2197,59167
2197,59165
2197,59265
2197,59171
2197,59216
2197,59366
2197,59259
2197,59318
2197,59396
2221,59369
2221,59315
2221,59165
2221,59304
2221,59171
2221,59216
2221,59424
2221,59230
2221,59415
2221,59378
2221,59489
2221,59421
2221,59474
2221,59438
2221,59299
2221,59320
2221,59381
2221,59234
2285,59362
2285,59489
2285,59414
2285,59438
2285,59505
2285,59163
2088,59414
2088,59438
2088,59299
2088,59474
2088,59165
2088,59320
2088,59234
2115,59322
2115,59318
2115,59130
2115,59414
2115,59299
2115,59415
2115,59474
2115,59163
2388,59130
2388,59247
2388,59415
2388,59163
1686,59446
1686,59350
1686,59290
1686,59489
1686,59315
1686,59438
1686,59266
1686,59172
1686,59264
1686,59234
1961,59167
1961,59315
1961,59517
1961,59266
1961,59165
1961,59424
1961,59265
1964,59266
1964,59424
1989,59266
1566,59171
1566,59372
1566,59167
1566,59377
1566,59489
1566,59315
1566,59392
1566,59353
1566,59226
1566,59177
2047,59167
1975,59452
1975,59353
1975,59226
1975,59415
1975,59438
1975,59525
1975,59407
1975,59186
2395,59446
2395,59489
2395,59438
2395,59264
2397,59167
2397,59409
2397,59265
2011,59446
2011,59499
2011,59489
2011,59315
2011,59187
2011,59438
2011,59264
2394,59171
2394,59186
2394,59377
2394,59315
2394,59202
2394,59438
2394,59263
2394,59439
2394,59242
2394,59291
2394,59330
2394,59163
2394,59509
2349,59329
2349,59130
2349,59315
2349,59438
2349,59299
2349,59474
2349,59260
2349,59468
2349,59253
2349,59304
2349,59477
2349,59163
2404,59415
2404,59342
2404,59499
2404,59264
2075,59327
2075,59165
2075,59304
2075,59265
2075,59171
2075,59519
2075,59415
2075,59279
2075,59149
2075,59489
2075,59437
2075,59285
2075,59130
2075,59414
2075,59438
2075,59299
2308,59446
2308,59438
2308,59226
2308,59266
2308,59264
2306,59489
2306,59447
2306,59438
2306,59226
2306,59473
2306,59424
2307,59446
2307,59489
2307,59377
2307,59438
2307,59525
2307,59424
2307,59264
2260,59234
2260,59165
2260,59473
2260,59438
2205,59217
2205,59234
2054,59266
2054,59264
2054,59424
2304,59446
2304,59167
2304,59192
2304,59353
2304,59226
2304,59438
2304,59299
2304,59177
2304,59304
2304,59264
2304,59128
2305,59167
2305,59470
2305,59424
2305,59443
2305,59135
1835,59315
1835,59263
1835,59266
1835,59525
1835,59264
1585,59489
1585,59505
1585,59354
1614,59446
1614,59489
1614,59438
1614,59525
1614,59474
1614,59177
1614,59424
1614,59443
1614,59505
1565,59372
1565,59167
1565,59353
1565,59287
1565,59418
1565,59183
1565,59171
1565,59149
1565,59361
1565,59264
1565,59505
1565,59446
1565,59378
1565,59489
1565,59392
1565,59421
1565,59525
1565,59285
1565,59284
1565,59326
1565,59438
1565,59299
1565,59424
1565,59381
2262,59489
2262,59438
2262,59525
2262,59424
1728,59266
1728,59267
1728,59424
2185,59171
2185,59216
2185,59369
2185,59378
2185,59320
2185,59489
2185,59315
2185,59438
2185,59230
2185,59299
2185,59415
2185,59421
2185,59474
2185,59165
2185,59424
2185,59381
2185,59304
2185,59234
1764,59372
1764,59446
1764,59167
1764,59369
1764,59489
1764,59178
1764,59366
1764,59324
1764,59438
1764,59353
1764,59421
1764,59165
1764,59424
1764,59381
1764,59265
1764,59264
1764,59234
1963,59266
1963,59167
1963,59424
2435,59489
2435,59266
2435,59354
2435,59473
1615,59353
1615,59361
1615,59242
1615,59330
1615,59264
1615,59452
1615,59394
1615,59489
1615,59407
1615,59509
1615,59438
1615,59430
1652,59167
2315,59238
2315,59489
2315,59424
2315,59265
2315,59264
1569,59353
1569,59299
1569,59438
1586,59269
1586,59172
1586,59344
1586,59187
1586,59353
1586,59186
1586,59459
1632,59353
1632,59342
1632,59304
1632,59171
1632,59269
1632,59264
1632,59489
1632,59226
1632,59285
1632,59130
1632,59517
1632,59414
1632,59438
1632,59234
1689,59394
1689,59350
1689,59505
1689,59378
1689,59489
1689,59447
1689,59438
1689,59407
1689,59266
1689,59229
1689,59424
1689,59264
1698,59202
1698,59424
1702,59446
1702,59489
1702,59315
1702,59438
1702,59226
1702,59264
1727,59353
1727,59265
1727,59171
1727,59231
1727,59424
1727,59219
1727,59377
1727,59462
1727,59505
1727,59446
1727,59409
1727,59489
1727,59525
1727,59318
1727,59438
1727,59299
1727,59320
1711,59446
1711,59315
1711,59202
1711,59438
1711,59266
1738,59167
1738,59489
1738,59447
1738,59438
1738,59266
1738,59264
1730,59446
1730,59167
1730,59489
1730,59354
1730,59438
1730,59473
1730,59424
1730,59128
1806,59362
1806,59489
1806,59377
1806,59262
1806,59438
1806,59525
1806,59424
1806,59265
1806,59505
1806,59163
1862,59489
1862,59438
1862,59424
1862,59234
2094,59327
2094,59315
2094,59304
2094,59163
2094,59171
2094,59424
2094,59489
2094,59392
2094,59262
2094,59263
2094,59438
2094,59299
2094,59320
1829,59350
1829,59499
1829,59489
1829,59289
1829,59354
1843,59446
1843,59167
1843,59489
1843,59354
1843,59438
1843,59473
1843,59424
1843,59128
1861,59238
1861,59489
1861,59424
1861,59265
1861,59264
1909,59489
1909,59470
1909,59266
1909,59423
1909,59473
1909,59424
1906,59171
1906,59285
1906,59409
1906,59216
1906,59489
1906,59493
1906,59415
1906,59299
1906,59165
1906,59265
1906,59234
1923,59525
1923,59289
1923,59227
1924,59315
1924,59470
1924,59266
1924,59424
1904,59489
1904,59354
1904,59424
1904,59264
1904,59128
2291,59167
2291,59216
2291,59489
2291,59366
2291,59438
2291,59437
2291,59525
2291,59474
2291,59165
2291,59323
2291,59265
2291,59234
1570,59446
1570,59452
1570,59186
1570,59505
1570,59499
1570,59489
1570,59187
1570,59438
1570,59226
1570,59353
1570,59415
1570,59453
1570,59286
1570,59264
1570,59163
1908,59315
1908,59470
1908,59266
1908,59424
1908,59264
2345,59167
2345,59369
2345,59377
2345,59489
2345,59493
2345,59438
2345,59266
2345,59165
2345,59358
2345,59424
2345,59265
1912,59266
1912,59424
2003,59424
1922,59238
1922,59326
1922,59438
1922,59353
1922,59246
1922,59424
1922,59324
1922,59128
1910,59483
1910,59172
1910,59163
1910,59377
1910,59230
1910,59137
1910,59489
1910,59262
1910,59525
1910,59290
1910,59438
1910,59424
1925,59215
1925,59409
1925,59167
1925,59318
1925,59489
1925,59230
1925,59265
1932,59171
1932,59372
1932,59167
1932,59377
1932,59489
1932,59438
1932,59177
1932,59264
1999,59446
1999,59167
1999,59489
1999,59438
1999,59229
1999,59265
1999,59264
2114,59327
2114,59167
2114,59247
2114,59342
2114,59165
2114,59265
2114,59163
2114,59216
2114,59377
2114,59230
2114,59149
2114,59291
2114,59378
2114,59362
2114,59338
2114,59494
2114,59421
2114,59525
2114,59286
2114,59130
2114,59438
2114,59381
2114,59234
2079,59167
2079,59369
2079,59493
2079,59165
2079,59265
2079,59377
2079,59358
2079,59489
2079,59266
2079,59438
2079,59424
2060,59231
2060,59489
2060,59438
2060,59415
2060,59163
2160,59167
2160,59369
2160,59315
2160,59172
2160,59304
2160,59377
2160,59415
2160,59291
2160,59292
2160,59489
2160,59437
2160,59263
2160,59421
2160,59403
2160,59412
2160,59285
2160,59492
2160,59130
2160,59438
2160,59299
2160,59381
2160,59234
2019,59315
2019,59353
2019,59165
2019,59171
2019,59216
2019,59489
2019,59392
2019,59437
2019,59266
2019,59474
2019,59414
2019,59438
2019,59424
2019,59234
2036,59369
2036,59377
2036,59489
2036,59318
2036,59315
2036,59403
2036,59177
2036,59265
2091,59167
2091,59315
2091,59493
2091,59165
2091,59265
2091,59128
2091,59163
2091,59519
2091,59415
2091,59267
2091,59263
2091,59438
2091,59320
2091,59234
1608,59452
1608,59446
1608,59505
1608,59489
1608,59330
1608,59438
1608,59353
1608,59525
1608,59439
1608,59361
1608,59242
1608,59264
1608,59128
1608,59509
2530,59167
2530,59489
2530,59266
2530,59525
2530,59265
2530,59264
2145,59492
2145,59265
2145,59167
2145,59292
2145,59130
2145,59267
2145,59438
2145,59415
2145,59279
2145,59291
2145,59128
1589,59446
1589,59452
1589,59186
1589,59489
1589,59267
1589,59389
1589,59326
1589,59438
1589,59353
1589,59436
1589,59473
1589,59453
1589,59242
1589,59502
2537,59489
2537,59167
2254,59227
2254,59489
2254,59354
2254,59266
2254,59424
1811,59446
1811,59350
1811,59167
1811,59499
1811,59424
1811,59377
1811,59489
1811,59438
1811,59264
1811,59265
1811,59128
1602,59315
1602,59202
1602,59353
1602,59265
1602,59163
1602,59171
1602,59279
1602,59264
1602,59190
1602,59394
1602,59489
1602,59407
1602,59439
1602,59186
1602,59509
1602,59285
1602,59259
1602,59130
1602,59438
1602,59299
1846,59489
1846,59265
1846,59227
1846,59424
2150,59369
2150,59165
2150,59304
2150,59265
2150,59163
2150,59216
2150,59377
2150,59230
2150,59279
2150,59378
2150,59489
2150,59407
2150,59437
2150,59403
2150,59492
2150,59259
2150,59438
1913,59231
1913,59167
1913,59489
1913,59315
1913,59267
1913,59438
1913,59266
1913,59177
1913,59424
1943,59441
1943,59489
1943,59263
1943,59266
1943,59442
1943,59424
1958,59167
1958,59470
1958,59263
1959,59489
1959,59478
1959,59438
1959,59266
1959,59424
1959,59381
1968,59489
1968,59267
1968,59266
1968,59424
1980,59266
1980,59470
1980,59424
2005,59171
2005,59216
2005,59318
2005,59377
2005,59489
2005,59315
2005,59414
2005,59438
2005,59165
2005,59424
2005,59265
2005,59128
2005,59234
2010,59266
2010,59424
2010,59264
2038,59167
2038,59369
2038,59489
2038,59396
2038,59187
2038,59517
2038,59403
2038,59265
2081,59216
2081,59318
2081,59489
2081,59392
2081,59414
2081,59438
2081,59230
2081,59217
2081,59265
2081,59163
1696,59172
1696,59128
1696,59227
1696,59295
1696,59505
1696,59499
1696,59489
1696,59266
1696,59525
1696,59438
1696,59424
1617,59354
1617,59353
1617,59165
1617,59128
1617,59163
1617,59279
1617,59242
1617,59264
1617,59489
1617,59262
1617,59474
1617,59438
1617,59430
2141,59327
2141,59171
2141,59216
2141,59489
2141,59438
2141,59342
2141,59265
2141,59128
2076,59489
2076,59267
2076,59353
2076,59415
2076,59438
2076,59299
2076,59165
2076,59381
2076,59265
2076,59163
1950,59227
1950,59499
1950,59489
1950,59447
1950,59438
1950,59266
1950,59525
1950,59424
1950,59264
2322,59438
2322,59437
2322,59462
2322,59483
2380,59167
2380,59369
2380,59377
2380,59489
2380,59493
2380,59438
2380,59266
2380,59165
2380,59358
2380,59424
2380,59265
2125,59216
2125,59377
2125,59489
2125,59517
2125,59438
2125,59403
2125,59423
2125,59324
2125,59265
2233,59171
2233,59231
2233,59216
2233,59489
2233,59315
2233,59366
2233,59438
2233,59299
2233,59165
2233,59477
2233,59217
2233,59304
2233,59264
2233,59163
2233,59234
2235,59369
2235,59489
2235,59192
2235,59262
2235,59266
2235,59225
2235,59177
2235,59208
2235,59163
2235,59232
2188,59327
2188,59171
2188,59215
2188,59409
2188,59167
2188,59396
2188,59489
2188,59414
2188,59392
2188,59299
2188,59156
2188,59149
2188,59403
2188,59424
2188,59217
2188,59265
2188,59506
2190,59171
2190,59231
2190,59265
2190,59378
2190,59489
2190,59370
2190,59353
2190,59415
2190,59342
2190,59421
2190,59438
2190,59424
2190,59217
2190,59291
2190,59163
2206,59327
2206,59167
2206,59369
2206,59377
2206,59489
2206,59493
2206,59490
1931,59489
1931,59167
1931,59403
2015,59372
2015,59446
2015,59320
2015,59489
2015,59353
2015,59438
2015,59525
2015,59474
2015,59177
2015,59264
2015,59505
2218,59489
2218,59392
2218,59437
2218,59286
2218,59234
2224,59217
2224,59234
2228,59217
2228,59234
2325,59350
2325,59489
2325,59266
2325,59177
2325,59424
2325,59505
1568,59394
1568,59315
1568,59330
1568,59476
1568,59407
1568,59437
1568,59438
1568,59165
1568,59361
1568,59264
1568,59509
1974,59266
1974,59264
2104,59492
2104,59292
2104,59202
2104,59438
2104,59279
2104,59291
2104,59128
2105,59216
2105,59315
2105,59517
2105,59438
2105,59299
2105,59165
2108,59285
2108,59369
2108,59489
2108,59315
2108,59267
2108,59266
2108,59165
2108,59424
2108,59265
2108,59264
2124,59315
2124,59247
2124,59265
2124,59128
2124,59163
2124,59171
2124,59377
2124,59178
2124,59489
2124,59338
2124,59438
2129,59446
2129,59285
2129,59259
2129,59130
2129,59489
2129,59295
2129,59438
2129,59223
2129,59415
2129,59407
2129,59225
2129,59266
2129,59247
2129,59299
2129,59208
2129,59304
1960,59446
1960,59362
1960,59489
1960,59438
1960,59266
1960,59424
1960,59505
1970,59499
1970,59315
1970,59226
1970,59525
1970,59177
2133,59159
2133,59318
2133,59489
2133,59130
2133,59396
2133,59494
2133,59392
2133,59438
2133,59415
2133,59230
2133,59260
2133,59468
2133,59163
2043,59238
2043,59489
2043,59315
2043,59373
2043,59266
2043,59423
2043,59403
2043,59473
2043,59424
2043,59264
2132,59171
2132,59325
2132,59489
2132,59338
2132,59414
2132,59247
2132,59438
2132,59415
2132,59279
2132,59225
2132,59474
2132,59320
1935,59171
1935,59167
1935,59489
1935,59315
1935,59230
1935,59177
1935,59424
2134,59285
2134,59167
2134,59378
2134,59130
2134,59489
2134,59267
2134,59517
2134,59414
2134,59438
2134,59407
2134,59279
2134,59163
2033,59424
2137,59165
2137,59171
2137,59216
2137,59219
2137,59221
2137,59447
2137,59230
2137,59409
2137,59489
2137,59318
2137,59414
2137,59320
2138,59489
2138,59315
2138,59438
2138,59234
2139,59167
2139,59165
2139,59171
2139,59216
2139,59377
2139,59446
2139,59489
2139,59392
2139,59366
2139,59474
2139,59318
2139,59438
2139,59320
2139,59234
2040,59489
2040,59266
2040,59167
2041,59266
2041,59186
2052,59446
2052,59315
2052,59266
2052,59424
2052,59264
2142,59165
2142,59163
2142,59415
2142,59279
2142,59149
2142,59217
2142,59489
2142,59494
2142,59392
2142,59474
2142,59318
2142,59130
2142,59396
2142,59414
2142,59438
2142,59320
2142,59234
2173,59265
2173,59128
2173,59171
2173,59216
2173,59377
2173,59462
2173,59324
2173,59215
2173,59409
2173,59441
2173,59489
2173,59403
2173,59438
2173,59473
2460,59452
2460,59394
2460,59504
2460,59154
2460,59458
2460,59489
2460,59517
2460,59353
2460,59158
2460,59438
2460,59407
2460,59279
2460,59152
2460,59391
2460,59172
2460,59264
2460,59509
1938,59266
1938,59354
1938,59264
1659,59452
1659,59372
1659,59221
1659,59489
1659,59315
1659,59353
1659,59438
1659,59415
1659,59525
1659,59265
1659,59264
1659,59163
2241,59247
2241,59165
2241,59304
2241,59163
2241,59171
2241,59415
2241,59279
2241,59215
2241,59489
2241,59338
2241,59392
2241,59262
2241,59226
2241,59437
2241,59191
2241,59130
2241,59192
2241,59438
2241,59223
2241,59299
2241,59234
2112,59415
2112,59226
2286,59167
2037,59489
2037,59438
2037,59266
2037,59424
2078,59167
2078,59315
2078,59353
2078,59165
2078,59265
2078,59163
2078,59279
2078,59242
2078,59489
2078,59392
2078,59474
2078,59438
2078,59320
1969,59238
1969,59215
1969,59409
1969,59489
1969,59403
1969,59424
1969,59265
2067,59171
2067,59167
2067,59489
2067,59315
2067,59438
2067,59353
2067,59320
2067,59291
1940,59489
1940,59315
1940,59438
1940,59177
1940,59430
2243,59216
2243,59318
2243,59489
2243,59414
2243,59438
2243,59223
2243,59415
2243,59230
2243,59474
2243,59165
2243,59234
1941,59231
1941,59238
1941,59259
1941,59409
1941,59167
1941,59369
1941,59477
1941,59489
1941,59517
1941,59415
1941,59403
1941,59165
1941,59424
1941,59217
1941,59265
1941,59128
1941,59163
1944,59525
1944,59424
1948,59489
1948,59266
1948,59167
1948,59424
2449,59446
2449,59285
2449,59315
2449,59489
2449,59414
2449,59407
2449,59438
2449,59265
2449,59264
2246,59247
2246,59165
2246,59457
2246,59128
2246,59163
2246,59322
2246,59462
2246,59324
2246,59489
2246,59338
2246,59207
2246,59392
2246,59407
2246,59262
2246,59246
2246,59421
2246,59196
2246,59285
2246,59248
2246,59192
2246,59438
2246,59323
2246,59320
2246,59257
2239,59327
2239,59231
2239,59130
2239,59279
2239,59165
2239,59217
2239,59265
2239,59163
2458,59415
2458,59489
2458,59163
2458,59438
2282,59329
2282,59130
2282,59315
2282,59438
2282,59299
2282,59474
2282,59260
2282,59468
2282,59253
2282,59304
2282,59477
2282,59163
1825,59372
1825,59167
1825,59315
1825,59353
1825,59265
1825,59171
1825,59458
1825,59489
1825,59437
1825,59266
1825,59225
1825,59525
1825,59259
1825,59438
1825,59473
1825,59424
1825,59335
2161,59350
2161,59167
2161,59369
2161,59236
2161,59353
2161,59304
2161,59265
2161,59171
2161,59415
2161,59505
2161,59441
2161,59489
2161,59392
2161,59525
2161,59403
2161,59177
2161,59130
2161,59414
2161,59299
2161,59424
2159,59215
2159,59167
2159,59409
2159,59489
2159,59438
2159,59230
2159,59403
2159,59177
2153,59216
2153,59315
2153,59517
2153,59438
2153,59299
2153,59165
2163,59315
2163,59438
2163,59353
2163,59439
2163,59242
2163,59330
2163,59179
2163,59509
2167,59167
2167,59369
2167,59493
2167,59247
2167,59165
2167,59265
2167,59128
2167,59216
2167,59279
2167,59291
2167,59506
2167,59505
2167,59292
2167,59489
2167,59525
2167,59403
2167,59286
2167,59130
2167,59438
2167,59424
2167,59234
2168,59315
2168,59247
2168,59468
2168,59253
2168,59183
2168,59265
2168,59304
2168,59163
2168,59322
2168,59415
2168,59260
2168,59338
2168,59474
2168,59130
2168,59438
2168,59299
2172,59327
2172,59350
2172,59167
2172,59165
2172,59222
2172,59304
2172,59163
2172,59171
2172,59219
2172,59230
2172,59415
2172,59279
2172,59264
2172,59446
2172,59362
2172,59489
2172,59474
2172,59130
2172,59438
2172,59299
2176,59327
2176,59167
2176,59378
2176,59385
2176,59438
2176,59415
2176,59299
2176,59474
2176,59320
2176,59183
2176,59381
2176,59163
2187,59167
2187,59315
2187,59165
2187,59128
2187,59163
2187,59130
2187,59414
2187,59299
2187,59424
2187,59234
2196,59167
2196,59489
2196,59315
2196,59438
2196,59415
2196,59279
2196,59421
2196,59165
2196,59468
2196,59163
2230,59216
2230,59315
2230,59165
2230,59424
2230,59234
2244,59208
2244,59262
2244,59414
2245,59217
2245,59234
2236,59167
2236,59315
2236,59483
2236,59128
2236,59163
2236,59519
2236,59377
2236,59415
2236,59230
2236,59477
2236,59506
2236,59489
2236,59494
2236,59263
2236,59323
